id,max_reward,published_time,deadline,subtasks,dependency_matrix,interval
3DhZz5cP3FGtmCPAAxG8k7,135.87,1477995973,1478012197,"d7kCnM9sV9sFhCqGiXcdzi,X3mwsW5YpFNAeiyw8jBo2j,QkZPQbvM7ehoF6yweSKsCz,SoFKZBUzxiFQDpqKatbmNJ,SbzuQe9k9LDGg8LF2TciQ3,74wgNwStNqd8aReqi5PcPz,PPhZ6PwYPFwrPCQGPf7GmE,5DXwQUL62GDvCuZWzA8gck,PMFCcaMjqBDuWo6CEcE48y,YiLpxBjsAWbb9xSGw7torM","0,1,0,1,0,0,0,0,0,0_0,0,1,0,0,0,1,1,0,0_0,0,0,0,0,1,0,0,1,0_0,0,0,0,1,0,0,0,0,0_0,0,0,0,0,0,0,0,0,0_0,0,0,0,0,0,0,0,0,0_0,0,0,0,0,0,0,0,0,1_0,0,0,0,0,0,0,0,0,0_0,0,0,0,0,0,0,0,0,0_0,0,0,0,0,0,0,0,0,0",16224
2yysabnivxJsNVDjKnhfnh,174.10,1477983985,1478000941,"bFB5zaFUoHhbZWG8c5xYbV,6P2NcLuT67qUKYLShPvfyo,U4UJABDd5yTwzT7pxydBGM,2k5euYdX25YUPtgZp62B9C,9ZL9LkHqBWWoReTs2aXL47,CcVtSj8JH5fL4yoeMrHQsM,GqU67DHSzuAunwsVfvWeFR,PKJ8LkH5n5Fxcc73dVE5SB,Wn79Za5tc4KpAfYvxb2omo,5VoZ9HdFG7RQ7WTDLcgmSc,9VybwBuWQDhJ6B54eicaKu","0,1,1,0,0,0,0,0,0,0,0_0,0,0,0,1,1,0,0,0,0,0_0,0,0,1,0,0,0,1,0,0,0_0,0,0,0,0,0,0,0,1,0,0_0,0,0,0,0,0,1,0,0,1,0_0,0,0,0,0,0,0,0,0,0,0_0,0,0,0,0,0,0,0,0,0,0_0,0,0,0,0,0,0,0,0,0,0_0,0,0,0,0,0,0,0,0,0,1_0,0,0,0,0,0,0,0,0,0,0_0,0,0,0,0,0,0,0,0,0,0",16956
TqyZtrZL5wwx9ALtuY2FQX,138.80,1478012991,1478024972,"dYAdhd9NcJxhqZPct9JjmY,fBRFrrt8WSbisq6oB9hJxa,njA8XETwHzgmLpddT9vZuM,CfZJxjFF7y6NTapeHzcsvT,M7pYvmgcB53cyF7RjrNSto,kjG2JK2yz6R49CZ28ZaLRj,PyyxWyvBkPosyTvS9Kkbkw,SCYWsEHmJ9vNnnmnqMVrLy,czsMSrDNsz7iXraMawpyxj,Qh7VgHpVunAGnugg388SDV,JtjR4WtMwiNqgJv3rJiGCt","0,1,1,1,0,0,1,0,0,0,1_0,0,0,0,0,0,0,0,0,1,0_0,0,0,0,0,0,0,1,0,0,0_0,0,0,0,1,0,0,0,0,0,0_0,0,0,0,0,1,0,0,0,0,0_0,0,0,0,0,0,0,0,0,0,0_0,0,0,0,0,0,0,0,0,0,0_0,0,0,0,0,0,0,0,1,0,0_0,0,0,0,0,0,0,0,0,0,0_0,0,0,0,0,0,0,0,0,0,0_0,0,0,0,0,0,0,0,0,0,0",11981
JKymb49pY897GsFMofr7QG,165.05,1477964593,1477980686,"iANuRDNsZbMaqbYt7kdfxr,myJZz9sW5RwhHW9GcAtBs8,RBjLKcJPDzVcfUNxQ69jfD,URPwTqi6UPT33dApyqgoV7,jiQokkEXD96nveRhfuwkJ4,HqmRU2VtyuEogMJQZg2V8D,WFQkocDDgfM9sZeTJSv7Z6,8keH9c72qTj9jR3Zg3AZPg,eBui2fDdg2wej2Mzt4NiLL,Z7QmExfQGNJyXaVkz5fjoc","0,1,0,0,0,0,0,0,0,0_0,0,1,0,0,0,0,0,0,0_0,0,0,1,0,0,0,1,0,0_0,0,0,0,1,0,0,0,0,0_0,0,0,0,0,1,0,0,0,0_0,0,0,0,0,0,1,0,0,0_0,0,0,0,0,0,0,0,0,1_0,0,0,0,0,0,0,0,1,0_0,0,0,0,0,0,0,0,0,0_0,0,0,0,0,0,0,0,0,0",16093
G53HkTbdvyUQHU4eHjiuuR,132.92,1477983180,1477994263,"SA23RWvW5d9vQsWzp4Y93W,L8f6bY3mJuvXodAK9Nksw2,NxdZGUq7imEoLY7kxuSSt8,Rmx6qTWxQAZMow3Yypk2M8,NkpycsTAQWmDAbwkNyLeQS,AnicXyKycTnpYUGb9yKH6m,axRpzsnkqe6s8gfSTfkj4q,VdVMbuHTYbP7BYUj5WUpyM,8tcHb4uWwR4cXkLGytNrFz,4SfGhxZzpH3e7TDv9xfpoa,LeUQJ3xZDMa6NQbsf22Q6U","0,1,0,0,0,1,0,0,0,0,0_0,0,1,0,0,0,0,0,0,0,0_0,0,0,1,1,0,1,0,0,0,0_0,0,0,0,0,0,0,0,0,0,0_0,0,0,0,0,0,0,1,0,0,0_0,0,0,0,0,0,0,0,0,1,0_0,0,0,0,0,0,0,0,0,0,1_0,0,0,0,0,0,0,0,1,0,0_0,0,0,0,0,0,0,0,0,0,0_0,0,0,0,0,0,0,0,0,0,0_0,0,0,0,0,0,0,0,0,0,0",11083
6ZSH2jwmx2tT7hucTuGeju,147.69,1477997606,1478013327,"ZZZ2St2C5EV5AvUAbPzmkF,aNX9A6JfauAnYHmCTL2dxt,TvYhKoYD3pkXFZndhBLYLo,jnKNbaLgzXJpZfpT8xNTjF,d7MbhRGo85XUwgSQ6r76iy,9knAN8cSfQrtr4HSBks8Ff,h5Px2xJ4p29F5RK66K7CjC,SzT7Jz2rxoH6Z8Cn8bSwhw,V4HeiGed5hhmq53DqFdBWz,2XtoN5R8RFX9kGVMr4qGsQ,YEw6XkSxUZHs6U7pu63Xkt","0,1,0,0,0,1,0,0,0,0,0_0,0,1,0,0,0,0,0,0,0,0_0,0,0,1,0,0,0,1,0,0,0_0,0,0,0,1,0,1,0,0,0,0_0,0,0,0,0,0,0,0,0,0,0_0,0,0,0,0,0,0,0,1,0,1_0,0,0,0,0,0,0,0,0,0,0_0,0,0,0,0,0,0,0,0,1,0_0,0,0,0,0,0,0,0,0,0,0_0,0,0,0,0,0,0,0,0,0,0_0,0,0,0,0,0,0,0,0,0,0",15721
Afo56N5zAKFkZZk9or7s6j,161.59,1477962962,1477977070,"9sCt89i5WNDHLACwkk2Sqx,SLMSfkGiAQfKdhaqzWMDEq,jmbaFTMHbFbgUrLBXrvxtP,U4WNEdJQuWjH3GKk9Qhfyq,EPy98kgXkSrUU79CgiyQUz,XfwTVmyBy3axNrhvSLqc8N,LqTYREHXtogrtVoscVdm5j,638Yz2qxzRR4r347g89fEY,Ku6pHtCAtFYsqe8kauJzZd,TeiBnhC48CT8nc3UfMsBoT,X6uLc8Lcjqs6ZviCvak3jL","0,1,0,0,0,1,1,0,0,0,0_0,0,1,1,0,0,0,0,0,0,0_0,0,0,0,0,0,0,0,0,1,0_0,0,0,0,1,0,0,0,0,0,0_0,0,0,0,0,0,0,0,1,0,0_0,0,0,0,0,0,0,1,0,0,0_0,0,0,0,0,0,0,0,0,0,0_0,0,0,0,0,0,0,0,0,0,1_0,0,0,0,0,0,0,0,0,0,0_0,0,0,0,0,0,0,0,0,0,0_0,0,0,0,0,0,0,0,0,0,0",14108
dTyY6ADgGa5HLYCgHmLEEC,164.97,1477999647,1478013785,"hLks6kvJdpUo5syECp4yyi,VhQ9XxsnxQuvnwx7J7LdYG,b2aaoPdcbTSV65xnbNDQV4,jcEsMyHfFB6B4Q3rQ9DHWG,fkptv4N3NXxBun3Goq6Wat,aLv3nLBu6YEvxJ36eHgLtU,c5hpztWWcBma4XGisrnZEW,fvL9e7dTwyfuWrV9S9zGSA,4UK2CSdbrwGsuFCrDYxpwF","0,1,1,0,0,1,0,1,0_0,0,0,1,1,0,0,0,0_0,0,0,0,0,0,0,0,1_0,0,0,0,0,0,1,0,0_0,0,0,0,0,0,0,0,0_0,0,0,0,0,0,0,0,0_0,0,0,0,0,0,0,0,0_0,0,0,0,0,0,0,0,0_0,0,0,0,0,0,0,0,0",14138
VqTvzs54ygCQgwLKTxDFcC,139.59,1477991159,1478005565,"BB9HwyAHdLyY5jtNSY59Ma,Nd5JikwUPYScsNNi5BRHnr,TdohiUcUoGpywpbzGNrPUd,oJjSRZXbre4gygqyuNm4Q6,Ra8LjqnzqvDbagHgXjEUj3,8WiFdDMg7wHe4uXkBumiiN,LndqFn538xsBBC4746QJN5,dkKw4cNfQdZvr2p42tHHg8,RGj8dDLPMmBc5CLDc2UjRD,dQtjLGCytGbs9SpqogPonu,Yfg8oUPbPrVYA5acYBtD5p,Y3uzHzrfKJX6s2GPdx8nc5","0,1,0,0,0,0,0,0,0,0,0,0_0,0,1,0,0,0,0,0,0,0,0,0_0,0,0,1,1,0,0,0,0,0,1,0_0,0,0,0,0,0,1,1,0,1,0,0_0,0,0,0,0,1,0,0,1,0,0,0_0,0,0,0,0,0,0,0,0,0,0,0_0,0,0,0,0,0,0,0,0,0,0,0_0,0,0,0,0,0,0,0,0,0,0,0_0,0,0,0,0,0,0,0,0,0,0,1_0,0,0,0,0,0,0,0,0,0,0,0_0,0,0,0,0,0,0,0,0,0,0,0_0,0,0,0,0,0,0,0,0,0,0,0",14406
JavhQ63MFyXLVBrXzP6ChH,147.89,1477993392,1478006259,"H4cRAv2cBRVpAg35xV3QX2,PNgAkLFWd7wVKfY9gWahKX,mwXmmh6i8D8fYBEaaxdQV2,UWUeu5g2pzmuqzTa4CoKiH,EYenoYFwUNqys5xxaYjycZ,GmVtPHGPrW4tDDxgu4LsJ2,3eKcCizF5vr7dMgGTNCHzS,Q85KkT8g8LsZY965RBD2YM,RF9ocxM2pdxjENWnp8Sawz,Giw6tEteHbYfacwegAtcyy","0,1,0,1,0,1,0,0,0,0_0,0,1,0,0,0,0,0,1,0_0,0,0,0,1,0,0,0,0,0_0,0,0,0,0,0,0,1,0,1_0,0,0,0,0,0,1,0,0,0_0,0,0,0,0,0,0,0,0,0_0,0,0,0,0,0,0,0,0,0_0,0,0,0,0,0,0,0,0,0_0,0,0,0,0,0,0,0,0,0_0,0,0,0,0,0,0,0,0,0",12867
gyPYTKA5v5UAdHZZaSk4fR,138.14,1477962449,1477973533,"K6mA5axkuaunvcz7ubVjFB,eBSpZMPXd3N5Suao7Czmw7,Z27G2XrUMdjhDDuR6S632R,dYhtAWZtG6KDdpXBcBUhjp,AY69nmhPJCf6F2pXBdkT3N,W7YhdHxeWxSW38hvPhFCwA,Mw7f3m7y3ncfjUWDcW8ib7,DbnaeWQvasWFjTSjWUKqRN,PktyH7cJN6XNoWWFAxRBo2","0,1,0,0,0,0,0,0,0_0,0,1,1,1,1,0,0,0_0,0,0,0,0,0,0,0,0_0,0,0,0,0,0,1,0,0_0,0,0,0,0,0,0,1,1_0,0,0,0,0,0,0,0,0_0,0,0,0,0,0,0,0,0_0,0,0,0,0,0,0,0,0_0,0,0,0,0,0,0,0,0",11084
FaLbrgxKdTuxJ4mvB25jLZ,136.26,1478003882,1478018121,"QLHhzSM9CDYioq9nAqwbVZ,mt2JHpktF5yefhNpc2pznj,D6YK79HiCYHP87HNVm6nhX,hEQsFcL4WpzjMqJNMt2Hes,TsKhduN59o9doRkUEnMYg3,E5EJn9xuHoF3VWgL3La6Qh,7W2jys62xtdDHGQZ4gJfoj,FR6tJcRKS7gjZE4oBTeADa,kTStoYQUAjcF8wxbacGPs9,SmY2q5WU2mhvELxa9nDYsz,b2iUV3oQ9xdsim6evKRa6g","0,1,1,0,0,0,0,0,0,0,0_0,0,0,1,0,0,0,0,1,1,0_0,0,0,0,0,1,0,0,0,0,0_0,0,0,0,1,0,0,0,0,0,0_0,0,0,0,0,0,0,0,0,0,0_0,0,0,0,0,0,1,1,0,0,0_0,0,0,0,0,0,0,0,0,0,0_0,0,0,0,0,0,0,0,0,0,1_0,0,0,0,0,0,0,0,0,0,0_0,0,0,0,0,0,0,0,0,0,0_0,0,0,0,0,0,0,0,0,0,0",14239
9hqKiL82xqEsjr6WoNNAsK,118.15,1477965789,1477977021,"75DwiXqbX4CH3dZHVmxeZa,JFeodEWagwBK4CPYpLdupZ,5yW3xWdfPxywEgiJXfnVRy,cm9JQAXzwvRxLdPjkackxv,Fkw4Ccv6Sta5y3viaDzNMm,Ro5ACBinJzWihrrghc8S75,R3n4dGDpX9oEGT6YkQqGYq,m3ZztwJABKU33qfWDWQsRq,VzNvwubwktKMhxaeYshk8s","0,1,1,0,0,0,0,0,0_0,0,0,0,0,1,0,0,0_0,0,0,1,0,0,0,0,0_0,0,0,0,1,0,0,0,1_0,0,0,0,0,0,0,1,0_0,0,0,0,0,0,1,0,0_0,0,0,0,0,0,0,0,0_0,0,0,0,0,0,0,0,0_0,0,0,0,0,0,0,0,0",11232
PpftXGgPFcsKhNzDAbZ7Ej,131.06,1477966123,1477977727,"Q7XqBCZqBbKAsdekdyHWyZ,PZufQWiSpqNSfFqfKYtJqe,fkD9Pw5MLEwPi4KLzNAKDv,8wQpCGjZreiLTkTDaCtKfP,dEoRTXVKTR4WwrS76U8xZw,XwNAF2VsTVBHfQ6jQYMvGG,UEpYmQee5wF2wbywvkBAEN,TLobq5jvtDDTjdd4YpxBfW,nKTKpt9rSMK7iHr8BY3cGt,L8S7WCQZ5YZMEQcYdhYcGn,TNb545zZp6paDjv9X4QocD","0,1,0,1,0,0,0,1,0,0,0_0,0,1,0,1,1,1,0,1,0,0_0,0,0,0,0,0,0,0,0,0,0_0,0,0,0,0,0,0,0,0,0,0_0,0,0,0,0,0,0,0,0,0,1_0,0,0,0,0,0,0,0,0,0,0_0,0,0,0,0,0,0,0,0,0,0_0,0,0,0,0,0,0,0,0,1,0_0,0,0,0,0,0,0,0,0,0,0_0,0,0,0,0,0,0,0,0,0,0_0,0,0,0,0,0,0,0,0,0,0",11604
2W3Hg375BDc6QtLUpEYZUv,163.54,1477969299,1477984033,"RoLjWjuALGWnrWLCMDKt2u,PNGjhjew2zwMcWozBSK7xA,Ean7VjWbaCC33v7Ucv9bYg,dJxKqsF2djFBkLWGd3MZaE,8SBCKwEgZhpVUx6U9Zsr3A,VcWRZG2DDvPNTdkH7AxQja,hFxFgNYhjVGueuqdtk4M7T,3Gf5uQ6J2QekzJD4kfGSME,PwumhciDKJkY7F8CbinyhQ,Vzj3fyi6VTuYsLeYkX5U7W,mRmWmnzbRwG4tfMk7y8kKH","0,1,0,1,0,1,1,0,0,0,0_0,0,1,0,0,0,0,0,0,0,0_0,0,0,0,1,0,0,0,1,0,0_0,0,0,0,0,0,0,1,0,0,1_0,0,0,0,0,0,0,0,0,1,0_0,0,0,0,0,0,0,0,0,0,0_0,0,0,0,0,0,0,0,0,0,0_0,0,0,0,0,0,0,0,0,0,0_0,0,0,0,0,0,0,0,0,0,0_0,0,0,0,0,0,0,0,0,0,0_0,0,0,0,0,0,0,0,0,0,0",14734
mcuBjSf8ro7bcPCbskViPp,211.10,1477994779,1478011852,"Dq9zro6Ytp6Z2GyWUJ7GAZ,NCwRR3sLZx6Lk3VZF4XjYP,GbQHNWvUsz9DZCQG8oMeME,JscYLUMTuNxY3hks74TY4h,MdDkYZfLPdtzLSBvrGvGoM,bwcihdRf8XAJgnVLaFs9Kb,RzoSX8maey8d5zWArJArV8,UDv5tD4xFvEJjfKKHZXwSJ,cDVyGDhsntGQmGWDMGZnhY,A2dWEGXKnk7oQQX8NbLXqB,2oSoD2pg4RTmDuZQih9ZeQ,FGs8wKHYsgPquaUKcFMLyp","0,1,0,0,0,0,0,0,0,0,0,0_0,0,1,0,0,0,0,0,0,0,0,0_0,0,0,1,1,1,1,0,0,1,0,0_0,0,0,0,0,0,0,1,0,0,0,0_0,0,0,0,0,0,0,0,0,0,0,0_0,0,0,0,0,0,0,0,0,0,0,0_0,0,0,0,0,0,0,0,1,0,0,0_0,0,0,0,0,0,0,0,0,0,1,1_0,0,0,0,0,0,0,0,0,0,0,0_0,0,0,0,0,0,0,0,0,0,0,0_0,0,0,0,0,0,0,0,0,0,0,0_0,0,0,0,0,0,0,0,0,0,0,0",17073
ejXtmKYbNCeB9HAHehC7Ew,177.58,1477993887,1478009994,"3MrMpi2dNsDYTp8oyVTRUB,8bAKA2U6n4nUkqFhDshute,4JdZMJNNnPLh89dbpz6okz,UsjzZryBp2S2fFnsmpd23W,9JPozseVPbcUcyXs2YhS57,LoT6tCjQKnoxQxjjeh6WrU,9aVTzWFsrLrefBdknv2wKq,SYyBrxeymRvVbvcxFS9Sif,c3PhDLMUDCnRLZGoPebFMu,62XiyGbUVtUrhgWQ5HqXBt,iMHEZTYQaXz8fmpCekDKV3,Gqr9QW844ztS4HVWrXkxge","0,1,1,1,0,0,0,1,0,1,0,0_0,0,0,0,0,0,1,0,1,0,0,0_0,0,0,0,1,1,0,0,0,0,0,0_0,0,0,0,0,0,0,0,0,0,0,0_0,0,0,0,0,0,0,0,0,0,0,0_0,0,0,0,0,0,0,0,0,0,0,0_0,0,0,0,0,0,0,0,0,0,1,0_0,0,0,0,0,0,0,0,0,0,0,0_0,0,0,0,0,0,0,0,0,0,0,1_0,0,0,0,0,0,0,0,0,0,0,0_0,0,0,0,0,0,0,0,0,0,0,0_0,0,0,0,0,0,0,0,0,0,0,0",16107
nX3yE3BCwqmkpYb6fEFTEq,119.19,1477996191,1478008889,"eAJRSDFXQWzjmKd5a3EnZs,RMcQfVt3WjXqzp2RkPcbmJ,c9fNNE9EunSsDNjfbgUHBM,47KVzdvfmRntXjE4eoDSVV,g9R6DMEtLVm9c3r3TVuJAC,4rkZGNjpYLALNseUvNW4xr,o3wYnjoBvPrSWkmRBUwBBz,biSCtfhULLNaNrr7EPCccg,QbSyYY8BAjHvY53x2MUhAm","0,1,1,0,0,1,0,0,0_0,0,0,1,0,0,0,1,0_0,0,0,0,1,0,0,0,0_0,0,0,0,0,0,1,0,1_0,0,0,0,0,0,0,0,0_0,0,0,0,0,0,0,0,0_0,0,0,0,0,0,0,0,0_0,0,0,0,0,0,0,0,0_0,0,0,0,0,0,0,0,0",12698
frrRjbPm6SRPpvEtSyjiz4,149.57,1477985882,1478000807,"K7yoM8KoBTDxv9dZCfo92F,VbxQbxCDstys8wufV2wNXy,H6fCDVbfLMpZefpvy6pGc4,kJHpeCBgdxLUVufUip24D5,fhWprNqcneXVdB2VvfAsjh,gV7NS2VUgBmGFbYUKQ9oTC,DEnsBJTgFUoyBLhW2JDBan,S5yfmxEBjDKDN8eYPZDtrM,kRiuCJfAbq7GLBRYHsTXZj","0,1,1,1,0,0,0,0,0_0,0,0,0,0,1,0,0,0_0,0,0,0,0,0,0,0,0_0,0,0,0,1,0,0,0,1_0,0,0,0,0,0,1,0,0_0,0,0,0,0,0,0,0,0_0,0,0,0,0,0,0,1,0_0,0,0,0,0,0,0,0,0_0,0,0,0,0,0,0,0,0",14925
2eVe89rHoqR8A4v879x3fi,141.57,1477944861,1477958752,"2wqhMss6SXHdBtieT6wUmN,a8Hakvr2FsFe8ZCSzYFC7g,eHhwjhAHpsc4yN29HFHyeL,7HA3MZuuWiKtCnuKmz5pre,3cAezLh6Kr6LKVTuWYZBzP,kS5kjrCMkXSVDNWTP7CMEn,Fb2D8ftheNhYpgprnvkYdq,iCB42iuTmpAtcLuk5CHyV3,Mw8JS5vQzXaXX7neD3rNtk,aqA2cttBff6AHLNHDYSPJk,88UGhxzZEAvjrTevxQwm4N","0,1,1,0,0,1,1,0,0,1,0_0,0,0,0,1,0,0,0,0,0,0_0,0,0,1,0,0,0,0,0,0,0_0,0,0,0,0,0,0,1,1,0,0_0,0,0,0,0,0,0,0,0,0,0_0,0,0,0,0,0,0,0,0,0,0_0,0,0,0,0,0,0,0,0,0,0_0,0,0,0,0,0,0,0,0,0,0_0,0,0,0,0,0,0,0,0,0,0_0,0,0,0,0,0,0,0,0,0,1_0,0,0,0,0,0,0,0,0,0,0",13891
fBHHUUGiMhsixSQXejb8bD,165.94,1477972949,1477987251,"7cMupkqUi6PfzdQ9gz4DCX,RMWqT2NANhz7JJFfX6k6jr,j9sotbHYFmz8jYqoKfvYfq,jSSiBXgtLJoCjvpmjv7X59,kCVnii5CZToxRzHvzo4iC5,7ZY5KvhPCSLmzZ7KZEfCRR,ZyEGpB3RD47sC8dpZ5kU9t,bcGcA2r4CnQMpsPKXPiVZH,KzTftZfvuV75WEgT86NAas,ThU2YGJUJx4xJcnQXF68Ww","0,1,1,1,0,0,0,0,0,1_0,0,0,0,1,0,1,0,0,0_0,0,0,0,0,1,0,0,1,0_0,0,0,0,0,0,0,0,0,0_0,0,0,0,0,0,0,1,0,0_0,0,0,0,0,0,0,0,0,0_0,0,0,0,0,0,0,0,0,0_0,0,0,0,0,0,0,0,0,0_0,0,0,0,0,0,0,0,0,0_0,0,0,0,0,0,0,0,0,0",14302
KEQtRApjcZKB7pqw3s5Nbi,142.10,1478008594,1478023152,"F8vBhShnL4jocUSSMZXFRH,g6vTw9ZHukWqYkF29gTAZ8,oUnEV3xZaRGnJkAQmZyCYp,9ZEX6fwfVcUjKWa2k4m6pP,F55thuuVBLBgtqNrSVE7Ux,hUGKiauxnZB92NHU6gTBCE,U4UTCem6d4rUXW648EHroR,bo9ePauphPtQWtsJJnTpHs,nqe5QDUF5SiMapDXywXaSk,mbHad9dxiSi7BJpr5QLW5t,BDpthAKd5JA5EdpXJPGgxM","0,1,1,0,0,0,0,1,0,0,0_0,0,0,0,1,0,0,0,1,0,0_0,0,0,1,0,0,0,0,0,0,1_0,0,0,0,0,0,0,0,0,0,0_0,0,0,0,0,1,0,0,0,0,0_0,0,0,0,0,0,1,0,0,1,0_0,0,0,0,0,0,0,0,0,0,0_0,0,0,0,0,0,0,0,0,0,0_0,0,0,0,0,0,0,0,0,0,0_0,0,0,0,0,0,0,0,0,0,0_0,0,0,0,0,0,0,0,0,0,0",14558
7MuEV2fqfv25fiPTtiU3Mp,199.59,1477961883,1477979849,"NvXgsjzRHEuFqejGVEVH2L,faiVt4iYZML9mVEHit2cCo,RYbYSzUUHFtBj8HUpubEkQ,FbDbFGmD5CUtXWfMMd4KbN,5RV7PMcnnqkKqohcQy8xac,VzDgbw7HkKmmZfjoFp9NnJ,4dh573obn3MNrdJ7NEpwH5,TATkkbuoeXEWX6ervbirtf,HsVXAzgpSX36ouxDbyP6rg,2NiqTomsEWCQUUBgj3C4hA,fRDpWYu54beZ6LAEXcktZE,RvnGp5DRcys2EzpnXY8Bnd","0,1,1,0,1,1,0,0,1,0,0,0_0,0,0,1,0,0,0,0,0,0,0,1_0,0,0,0,0,0,0,0,0,0,0,0_0,0,0,0,0,0,1,0,0,0,0,0_0,0,0,0,0,0,0,0,0,1,0,0_0,0,0,0,0,0,0,0,0,0,1,0_0,0,0,0,0,0,0,1,0,0,0,0_0,0,0,0,0,0,0,0,0,0,0,0_0,0,0,0,0,0,0,0,0,0,0,0_0,0,0,0,0,0,0,0,0,0,0,0_0,0,0,0,0,0,0,0,0,0,0,0_0,0,0,0,0,0,0,0,0,0,0,0",17966
TLR73vnasNZ46MNGfWjkbV,124.78,1478004386,1478015507,"5hDpJRoQfW7oiqsMKEpCvi,gTxDJxZ7RPepjKjTChx8Sx,FKmQRRzWB83nCz5eQaBYpb,oH8XBhVtdEjqirrQos9X6U,NJZcHhPVrVH7tqV8tctRkY,XCnTJsDSy4VcccvFqXpvNj,KW7iSDA4QHyFNyaX6bf6qC,K7doy9ZrbMkxvdw8tj5i8T,D3CDmgCvN7jGR2fH9h5vFu,hbwPXWMRwdpnHtHqSWkQDg","0,1,1,0,0,0,1,0,0,0_0,0,0,0,0,0,0,0,1,0_0,0,0,1,1,0,0,0,0,1_0,0,0,0,0,1,0,1,0,0_0,0,0,0,0,0,0,0,0,0_0,0,0,0,0,0,0,0,0,0_0,0,0,0,0,0,0,0,0,0_0,0,0,0,0,0,0,0,0,0_0,0,0,0,0,0,0,0,0,0_0,0,0,0,0,0,0,0,0,0",11121
YmUcVM5jQ9VGuP8xnZfKhK,168.90,1478004844,1478020737,"bbDRtGZr2PR6ai93TijQ5c,QpGhQbC7TBPvt3BnKWoUHV,LkLarMVCex8aBrQTPMoDDu,ToK9QUUqdKPVnT42JupvYV,cngGGdUpeTfXmLhN25Tvxw,jd7JFsPfyvEt6QTJKwUQoN,PorwRt4TKqLauCFeryQjrk,QXYTCkwSjGdCvHBbzcostX,9d7TrioBLFgJ8PFC54DbPN,fjYCaAv2tDSekb3Th2i2Wk,fimCWPdnHCjtkL4S5BpCYu,HLPoAPGLuBapiGqsUTxciX","0,1,1,0,0,0,1,0,0,0,0,0_0,0,0,0,1,0,0,0,0,0,0,0_0,0,0,1,0,0,0,0,0,0,0,0_0,0,0,0,0,0,0,0,1,0,0,0_0,0,0,0,0,1,0,0,0,0,0,1_0,0,0,0,0,0,0,0,0,1,0,0_0,0,0,0,0,0,0,1,0,0,0,0_0,0,0,0,0,0,0,0,0,0,0,0_0,0,0,0,0,0,0,0,0,0,1,0_0,0,0,0,0,0,0,0,0,0,0,0_0,0,0,0,0,0,0,0,0,0,0,0_0,0,0,0,0,0,0,0,0,0,0,0",15893
av4UcwD2UgHVwMBaSM3aey,148.80,1477960467,1477974891,"XRb63TQ7atXGdAWhsJCKSA,PEoZdWZzndfwXE86Y6Mkvu,SUvnsjKJggQ9P3uhYRCxvZ,FdJXMu2yYTqgJjbtTX966f,BLHCcUa8swCJBPoWGFYJhf,U6bNvkiX5SWB3dTV8HRzxU,LV4UES63Q8AjCdQxaRe6C2,FBgE37UNwzNuy8UBn3PbwC,hAmcEPyEvzFfUhX5k4KtpM,SBFRgzvKhmFZshM7XAeGkJ","0,1,1,1,0,1,1,0,0,0_0,0,0,0,0,0,0,0,0,0_0,0,0,0,1,0,0,0,0,0_0,0,0,0,0,0,0,0,0,0_0,0,0,0,0,0,0,1,0,0_0,0,0,0,0,0,0,0,0,0_0,0,0,0,0,0,0,0,1,1_0,0,0,0,0,0,0,0,0,0_0,0,0,0,0,0,0,0,0,0_0,0,0,0,0,0,0,0,0,0",14424
hvMS9hjHew7qaNuPkgfQdj,158.14,1477969480,1477984199,"CugkCTEZPyRZuBQRCQJYQg,aNKoR55ryaXGvL33VLjTk4,kuAJSfkEhcVZum8GMrsRfB,TR6YQbjTuBBEzazrfDRfEo,PuLLs6TRY796CQq6PdHvqk,dxYaa5Jj9VDq2YYQq8T9bk,jDrywGSmQ5T4WgBRmfM2MV,4MPGNL8duWkawFusWnNmm4,RoejGfwkCJYpqaipXCBZ68,Ho8dYGpzLxnYqcyTTjQHdE,diemiXSPU9a6ZF3AJsJWSY,H2hBv9CnmpDEmB8YACMcqY","0,1,0,1,0,0,0,0,0,0,0,0_0,0,1,0,0,1,1,0,0,0,0,0_0,0,0,0,1,0,0,0,0,1,0,0_0,0,0,0,0,0,0,0,1,0,0,1_0,0,0,0,0,0,0,0,0,0,0,0_0,0,0,0,0,0,0,1,0,0,0,0_0,0,0,0,0,0,0,0,0,0,0,0_0,0,0,0,0,0,0,0,0,0,0,0_0,0,0,0,0,0,0,0,0,0,0,0_0,0,0,0,0,0,0,0,0,0,1,0_0,0,0,0,0,0,0,0,0,0,0,0_0,0,0,0,0,0,0,0,0,0,0,0",14719
jQRi2P7eXomA5TbcWtWi6y,123.36,1477949062,1477960919,"VGXLTdpz98k9LRgQz2SrCu,mNBzrXBawYjrotwcpbQxiz,kECpdyFutorNEHx4BYRB9s,HcrercKqBHJz635zhP6k8F,CnL3iVVSuCwVPdPFjHJCqE,RoaskKXDJgNZKoD32qMLxN,K4wNcweErVLBS7m5QufWYu,D2wodry7e5TKpp8h5MBkNT,35epiGcNKaznzmTxhPpyod,g2QeL3y2Amhwk3Yj6fr4iu,QWaHo22dQvdNpuBGMowuft","0,1,1,0,0,1,1,0,0,0,0_0,0,0,0,0,0,0,1,0,0,0_0,0,0,1,1,0,0,0,0,0,0_0,0,0,0,0,0,0,0,0,0,0_0,0,0,0,0,0,0,0,1,0,1_0,0,0,0,0,0,0,0,0,0,0_0,0,0,0,0,0,0,0,0,1,0_0,0,0,0,0,0,0,0,0,0,0_0,0,0,0,0,0,0,0,0,0,0_0,0,0,0,0,0,0,0,0,0,0_0,0,0,0,0,0,0,0,0,0,0",11857
K9BgeJoxsCfFSxttpLK9sD,134.14,1477993450,1478006572,"HHSEJ8yq7wUmu9crTB56Qd,TA5MeJj3tq6cxj5BqjN6ou,cJCNoJpnz6qKjdXcP8Gavy,kHt9ijyxEAmoCPBwBudhTU,QQyYQckPap4FSVCL7MKa2t,BJorGH4TKCnnRvf3GScuPj,L7c7vr4SpjSi7vvtZ7tLWb,88Tc2FCcTtJEtC5QYW93Hm,hp5RqUyiSJdnJVLHRmnTNw","0,1,0,0,0,0,0,1,0_0,0,1,1,0,0,0,0,0_0,0,0,0,0,0,1,0,0_0,0,0,0,1,0,0,0,0_0,0,0,0,0,1,0,0,0_0,0,0,0,0,0,0,0,0_0,0,0,0,0,0,0,0,0_0,0,0,0,0,0,0,0,1_0,0,0,0,0,0,0,0,0",13122
9yPbxKZyZPeRzcTwG8nfiV,139.93,1477972373,1477987413,"Biyvt5tYVh7NQEJFoG7Vdz,SZixaeViUv7So8u9uHZXc2,AB9QUKxK74iUPWHakRXbcT,W4ao8aZZ9BvbELQ8NwLKq4,bwUYKd54SXRAEMMpgnmp62,EWo6jn5Ver2JirPLYggLzp,isvmZZQ43eCcZJHy6mzrfY,LXB8xosHqDamkVuZgn6RDw,SiWvGQGbCKxX6b6d7EuY6B,kxEKpUGWcoRUhoe2smuZ3a,2ZD6TJPePbr88eUnjHQYSZ","0,1,0,0,1,0,0,0,0,1,0_0,0,1,0,0,0,0,0,1,0,0_0,0,0,1,0,1,0,0,0,0,1_0,0,0,0,0,0,0,1,0,0,0_0,0,0,0,0,0,0,0,0,0,0_0,0,0,0,0,0,1,0,0,0,0_0,0,0,0,0,0,0,0,0,0,0_0,0,0,0,0,0,0,0,0,0,0_0,0,0,0,0,0,0,0,0,0,0_0,0,0,0,0,0,0,0,0,0,0_0,0,0,0,0,0,0,0,0,0,0",15040
hejf8zTojRw2jb6nXGXFmt,119.11,1477974077,1477984976,"ALKuqZcnCgEdSeJVnFNmS2,mfevWtgMQhFLVuEuJmdiFA,3ec7ExZXf6pdsKuoiawXUZ,7tEQsX2NpypmoPQor4Utf9,dUEVSoubecCbxRZNyvgmFV,D9Te9gaUDoBUJoP59pwksL,nFFSj3NcE38aVsWipa8sXP,DwsrGajuawuz6DShasKDn5,j7gRH9pwBtE5tRUW3o5ght,kAdjjtgTZCsrUZs357cwmY","0,1,0,0,1,0,0,1,0,0_0,0,1,0,0,0,0,0,0,0_0,0,0,1,0,0,0,0,0,0_0,0,0,0,0,0,0,0,1,0_0,0,0,0,0,1,0,0,0,0_0,0,0,0,0,0,1,0,0,0_0,0,0,0,0,0,0,0,0,1_0,0,0,0,0,0,0,0,0,0_0,0,0,0,0,0,0,0,0,0_0,0,0,0,0,0,0,0,0,0",10899
cPJskCJYSCNogQqhrHi5os,136.93,1477956856,1477970911,"faBRSMRSZSPfLkTZH2dQRC,DC5GYeFidytSKVkFq8b3ue,dPct574mVejCo6f6JrKz4T,3NR7XFCfnKMWJJU3nyUpvt,QTPaiZBtcBeCNaPggPZXMU,jv9CLfwXXGEGojDA8CYZZz,FcmcqoD96s2tF3kwdepYmx,bS4Aax4niM65Fg3UKDq6FR,eoTcPQfGjiNqAc6if3yNAD,j8NwfpRuwuJvht3G3AXCpN","0,1,0,0,0,0,0,0,0,0_0,0,1,1,0,0,0,0,0,0_0,0,0,0,0,1,1,0,0,0_0,0,0,0,1,0,0,1,0,0_0,0,0,0,0,0,0,0,0,0_0,0,0,0,0,0,0,0,1,1_0,0,0,0,0,0,0,0,0,0_0,0,0,0,0,0,0,0,0,0_0,0,0,0,0,0,0,0,0,0_0,0,0,0,0,0,0,0,0,0",14055
hzkoUo5Z64R4ZzZwCPDrJa,181.30,1477955709,1477974094,"Jr7uAHBnJywp9JV3piJNtY,mmYx8JAgiMntVJz6QNc4NU,JFGB33tbzVNKsUR92K8SKq,dZxHD2joZAhxNTSC2xwXF4,coraww98JPC6kDQNDnbfGa,FzLS7GhMxRkzqRfuRgydSZ,22thnA3hgKCSiFPdSr4STS,m3rih9FvqUYhyLgM5uK9Kj,ZXCUEoNCZAPmQ9juhHKp23,aYZ4bZWMsLPigjAGsqanep","0,1,0,1,0,0,0,0,0,0_0,0,1,0,0,0,0,0,0,0_0,0,0,0,0,0,0,0,1,0_0,0,0,0,1,0,0,0,0,0_0,0,0,0,0,1,0,0,0,0_0,0,0,0,0,0,1,1,0,0_0,0,0,0,0,0,0,0,0,0_0,0,0,0,0,0,0,0,0,1_0,0,0,0,0,0,0,0,0,0_0,0,0,0,0,0,0,0,0,0",18385
V4TvtV3AjHRtzjrRqzFjau,187.84,1477996866,1478012956,"TKtoDGuX7aphyHTJJ34mE7,2KFTmQYWhoFfUajZmUr3u3,FjjJNGgaw9EYykkbeseqvd,BS6H9br2TuQyXL9kVsfxAy,ZQvEGkkyJzfw4rKbNoNjZj,mZae2kNU8byV9sz87MoPQH,9ZNdNgq24K8yAFP6REG3VZ,J88WifbnfntTZqynhrxZYm,Zxm7j9Bf5MxaZbYZYhxytj,GyWvwjEos6eujtwnsyNaUj,KjXnGWXsnxQs6CJFApJE4r","0,1,1,0,0,0,1,0,0,0,0_0,0,0,0,0,0,0,0,0,0,0_0,0,0,1,1,0,0,0,0,0,1_0,0,0,0,0,0,0,0,1,0,0_0,0,0,0,0,1,0,0,0,0,0_0,0,0,0,0,0,0,0,0,0,0_0,0,0,0,0,0,0,1,0,0,0_0,0,0,0,0,0,0,0,0,0,0_0,0,0,0,0,0,0,0,0,1,0_0,0,0,0,0,0,0,0,0,0,0_0,0,0,0,0,0,0,0,0,0,0",16090
V3Ut9T8B5T4UFT4wgWX66R,176.05,1477990343,1478005429,"7M3BT3ppfHCChFXuEYo6yv,Bkf6rXBRkoKfe2EtSah8rc,CRHicfDC2PRovHgxwX2dar,MGtjJwk69j4usu9TmK47VQ,7wrBuwUZE65gkEsLLNo2st,AerxyopKK7eWqYmizevfbg,S2Va6uakYxWzwE8bsyManH,QdMCnYGa7UVuz9XddQhszh,F2yLVCzm84JzY8KeU8YxJJ,M3LAThrNgrtXJGeLK8wWey,GiwYQXfedT6cgpGwaPVwHR,PkNNcD5UHEQCCfcFCTZgWq","0,1,0,0,1,0,0,0,1,0,1,0_0,0,1,0,0,1,0,0,0,1,0,0_0,0,0,1,0,0,1,0,0,0,0,0_0,0,0,0,0,0,0,1,0,0,0,0_0,0,0,0,0,0,0,0,0,0,0,0_0,0,0,0,0,0,0,0,0,0,0,0_0,0,0,0,0,0,0,0,0,0,0,1_0,0,0,0,0,0,0,0,0,0,0,0_0,0,0,0,0,0,0,0,0,0,0,0_0,0,0,0,0,0,0,0,0,0,0,0_0,0,0,0,0,0,0,0,0,0,0,0_0,0,0,0,0,0,0,0,0,0,0,0",15086
dwiEzqLHrat4h3vaM6dsv3,143.85,1477969600,1477985006,"Ks7QqfnBcdv5w6i2XSmVUP,n9odFr8ZxiKvnNKFTLt8qJ,cYu7jGQG6X2n3kSTsmcDtw,3eUuYZQ6CYendWC64gVXXi,JTtMkNLorCCb8C5N3z9926,6mb5ryPwZYYcsDTCzBbp4y,J6Z6GUNxyGgp2bFCiAWZLs,UbgZx8yhXgxCsASXdFwFgA,XTjZPMvsRZeqEzV5Q6Qbk3,RBeeuQbX7ipUSsRFkDCxkr","0,1,1,1,1,0,0,1,0,0_0,0,0,0,0,1,0,0,0,0_0,0,0,0,0,0,0,0,0,0_0,0,0,0,0,0,1,0,1,0_0,0,0,0,0,0,0,0,0,0_0,0,0,0,0,0,0,0,0,0_0,0,0,0,0,0,0,0,0,0_0,0,0,0,0,0,0,0,0,1_0,0,0,0,0,0,0,0,0,0_0,0,0,0,0,0,0,0,0,0",15406
S6GRd38YmxGpVufev4SgF5,162.21,1477967677,1477988905,"WsQUvC63dgu4oEc8NdUw8U,VoxMT7Nv9ARyM28vyRHEuL,BebNC256Aiq7cQHrSYakjo,WF6sKontbj6wdZc6oPJBe5,Lgir9c38TaXRHA3wJtTbxS,XPRJvsqNqV6dehkzPapM4B,DLYJQANiZmLEJKp782g6vr,XjfHKq6ThnSK5GDZHaYGZE,VqcTtxe2xNz5AJsv4kRXBm,UBuF7D3JrVZXDyVvVhYG8B,o3YyXgxh56pBz5Rqozt5VQ","0,1,1,0,0,0,0,0,1,0,0_0,0,0,0,0,0,0,1,0,0,0_0,0,0,1,0,0,0,0,0,0,0_0,0,0,0,1,0,1,0,0,0,0_0,0,0,0,0,1,0,0,0,0,1_0,0,0,0,0,0,0,0,0,1,0_0,0,0,0,0,0,0,0,0,0,0_0,0,0,0,0,0,0,0,0,0,0_0,0,0,0,0,0,0,0,0,0,0_0,0,0,0,0,0,0,0,0,0,0_0,0,0,0,0,0,0,0,0,0,0",21228
NRL4LHuaFpaZFxoCQGgwk9,172.47,1477962724,1477981420,"KGMNUqbJGa3FhYr5vnUQFC,hXz6hJGJjNy3TBQcDLEg2E,g9Joz6Ef2hETR2QFWqQLiV,A7Ev6AGaxdHDqKe9TQYpd4,Mro7ZJ8AvHAEjwZoW26yBn,aE5zKYagkMwP8D5e2Nz5qo,WCzyQFxmHjumXB5JVPBPJq,cwS6wY3DiQ5jmsLvJb4W9y,8KxNNkbpnUueyb6Z9mxQYs,5ZBaiqvfZnNieoBG3Hq5nT,LV53jm44bAc45xh8WBocQc,WhWmNfRKhRRnSwfTAqedRb","0,1,0,0,0,0,0,0,1,0,1,0_0,0,1,0,1,0,0,0,0,0,0,0_0,0,0,1,0,0,0,0,0,0,0,0_0,0,0,0,0,0,0,0,0,0,0,0_0,0,0,0,0,1,1,0,0,0,0,0_0,0,0,0,0,0,0,1,0,0,0,0_0,0,0,0,0,0,0,0,0,0,0,1_0,0,0,0,0,0,0,0,0,1,0,0_0,0,0,0,0,0,0,0,0,0,0,0_0,0,0,0,0,0,0,0,0,0,0,0_0,0,0,0,0,0,0,0,0,0,0,0_0,0,0,0,0,0,0,0,0,0,0,0",18696
ZeNUEhm9QADUwyyyYppuQA,111.17,1477960000,1477971316,"TUooWbmgAXZosvzAhUhWrE,GRQ6qcA6XD5zqDUB5Vz9w4,5S9dVKQV9Qa3Nwjpn5aBE3,JMdhVh4uTMKzymBS4wjU4a,Cn2zY6un5TbNarLhZ3HiFr,ejpEsBvWTu3gDAyEhzfKgb,FsTJot53i8zj2WBhpjNiEv,d6KqfmokraH8JhC7gjC9qw,5KF8cnxBkQSwycXbcVuzon","0,1,0,1,0,1,0,0,0_0,0,1,0,1,0,0,1,0_0,0,0,0,0,0,0,0,0_0,0,0,0,0,0,0,0,0_0,0,0,0,0,0,1,0,1_0,0,0,0,0,0,0,0,0_0,0,0,0,0,0,0,0,0_0,0,0,0,0,0,0,0,0_0,0,0,0,0,0,0,0,0",11316
o38cUE577cVGCCC99umcwT,153.13,1477960408,1477972609,"TxLViBQykT6YwDXjZ7pG5B,BPQ2adME5wm3GFGEhHv2BJ,2BcgvDSUWY6msBuwGDjE3W,aGcRArLf8JiAj6w6KdbXDJ,DFkytBKt4RgcZ3b8zSvcTL,3dC9tojnoybG5mRsBWJ9pf,eNHmTcvvmQWyaK4HcspLFC,iTfWurreiNso5GpSasH3TP,j4WqG74V7SXrg7n6GHSS4K,3m9iBiAhHZ7MBoDM8dWwLU,Fn8ybnukGWqXFbHY3PW2Ag,AWzFwm7nBmr59ShydeYkSP","0,1,1,0,1,0,0,1,0,0,0,1_0,0,0,1,0,0,0,0,0,0,1,0_0,0,0,0,0,0,0,0,0,0,0,0_0,0,0,0,0,1,0,0,0,0,0,0_0,0,0,0,0,0,1,0,1,0,0,0_0,0,0,0,0,0,0,0,0,1,0,0_0,0,0,0,0,0,0,0,0,0,0,0_0,0,0,0,0,0,0,0,0,0,0,0_0,0,0,0,0,0,0,0,0,0,0,0_0,0,0,0,0,0,0,0,0,0,0,0_0,0,0,0,0,0,0,0,0,0,0,0_0,0,0,0,0,0,0,0,0,0,0,0",12201
Akt7Bq652iVKhnpaVpuoJo,150.90,1477995821,1478008444,"oMEKSKXimcpr4piiKcLqTc,Mmx3wH2anhrYGJvWHFL5Jf,cALUxxzeGzU5kN2a57tHTX,Cx6a6zpEDwfeVkQ5YmmWah,Jo82YtCHrV8zV39EVj9wUd,aNaAJhyFojPiJAn8k6deuR,Za9hRss3i4ny6gDgyinKap,KzuC9it97RnP45cbfS8Gis,SixkhLch77Ax6MkYWLamhc","0,1,1,0,0,0,0,0,0_0,0,0,1,0,1,0,0,0_0,0,0,0,1,0,1,0,0_0,0,0,0,0,0,0,0,1_0,0,0,0,0,0,0,0,0_0,0,0,0,0,0,0,1,0_0,0,0,0,0,0,0,0,0_0,0,0,0,0,0,0,0,0_0,0,0,0,0,0,0,0,0",12623
N3T6CGVaehuGwQTWZ5zmqu,170.29,1478003455,1478016579,"5JoozxnmLiqfLC2BD2ZDP2,gbdrKkeyN2xAz3XneT4yyr,4JPvUB7oJw8ydGvpuHG4MN,Yf2jKtbDmYwzLLEajeBdtv,YzZs8QytqCLPYP59uSGQWp,7ckvPVN539UYtgmmdui8tB,4n8sPLqHLQPqUetBYRersz,D37gxCvCHzNGst6tyixXLY,DEH7QYgkS395XuJyQjQqMQ,WqtqYi5ptrbboB5zkJDRmX","0,1,1,0,0,0,0,0,0,0_0,0,0,1,0,0,1,0,0,1_0,0,0,0,0,0,0,0,0,0_0,0,0,0,1,1,0,0,0,0_0,0,0,0,0,0,0,0,0,0_0,0,0,0,0,0,0,0,0,0_0,0,0,0,0,0,0,1,1,0_0,0,0,0,0,0,0,0,0,0_0,0,0,0,0,0,0,0,0,0_0,0,0,0,0,0,0,0,0,0",13124
c4eeq46TG9dasMjvRHvhsh,225.51,1477998310,1478016982,"cwsx3vZF7syQdZaqRQpQMP,BveAap5e5xSGR7zAENmxyA,TbJNusLi2AjN5JsjERcStm,4tKGzUsGNTVF78R288Homi,gP5Wduqtq99MxPgLFWAYz2,KtcfiJFBAtquL6KKfoRr3V,McHFmFWNBij8DZHTVXFVZH,Yuah7wCUB5L3hQDZikVU3j,2LL8gkjqMsvMHNuX374xTn,eJBQEm5yr2mSJqkY3zQZaQ,Wp7bGu93gUnwzRW7SnbPww","0,1,1,0,0,1,0,0,0,0,0_0,0,0,1,0,0,0,0,0,0,1_0,0,0,0,1,0,0,0,0,0,0_0,0,0,0,0,0,1,0,0,1,0_0,0,0,0,0,0,0,0,0,0,0_0,0,0,0,0,0,0,1,0,0,0_0,0,0,0,0,0,0,0,1,0,0_0,0,0,0,0,0,0,0,0,0,0_0,0,0,0,0,0,0,0,0,0,0_0,0,0,0,0,0,0,0,0,0,0_0,0,0,0,0,0,0,0,0,0,0",18672
ZbjnNe4NqggyBnSRyx2k4H,132.57,1478014493,1478024448,"gedCE8vwfJyJw43P8PjF44,7DdUdFVbAWb9AeTbn3W3Hg,L2BLqM4iMb7mhTfCoXhYAc,9PXKc8wH3ZtPURo3vncyEw,HnJkwy3SkSBmYpCRP88LFq,UQ6XZvJH2BUu5J6poYTDmx,MLTb6xTSpftuFwkYjkuL8R,5vF2UHLynQqWGNqG9sLM4o,8hrxSpGPbNwPvPDKYTKwFW,9xEa7VZarX2tLWY2iwA9Mv","0,1,0,0,0,0,0,0,0,0_0,0,1,0,0,0,1,0,0,0_0,0,0,1,0,1,0,0,0,0_0,0,0,0,1,0,0,0,0,0_0,0,0,0,0,0,0,1,0,0_0,0,0,0,0,0,0,0,0,1_0,0,0,0,0,0,0,0,0,0_0,0,0,0,0,0,0,0,1,0_0,0,0,0,0,0,0,0,0,0_0,0,0,0,0,0,0,0,0,0",9955
23Wx4sRuE3eM84HzdDW8As,249.53,1477989178,1478010926,"8EoVRDjU4fGVcxuDJEQnuQ,dqquL7bufg7q45sanfSLsr,756FpU5Uzj4H74WzFGuSvN,6SFJX2GGWDvVobMpEKs7xn,fVcxh2dFetxdFaK9KVfWVB,cJ4hTAs5U3ymzwFqR2Rpo3,R5tyGtPKZ3YScxQMbaPkTj,nFffjNGEoft3q8zNjj7VTj,XJo2XXodmFZhCJq9uycz6v,QLofGEJhf8nBA9WmPTpehy,TPBXbAA2drEBfHzZebLnAm","0,1,0,0,0,0,0,0,0,0,0_0,0,1,0,1,0,0,0,0,1,0_0,0,0,1,0,0,0,0,0,0,0_0,0,0,0,0,0,1,0,1,0,0_0,0,0,0,0,1,0,1,0,0,1_0,0,0,0,0,0,0,0,0,0,0_0,0,0,0,0,0,0,0,0,0,0_0,0,0,0,0,0,0,0,0,0,0_0,0,0,0,0,0,0,0,0,0,0_0,0,0,0,0,0,0,0,0,0,0_0,0,0,0,0,0,0,0,0,0,0",21748
aVH9yBwTSdLNwoRFrFWQhu,182.93,1477969890,1477984183,"Zdj2PtPK7uSWcRVh8Rv8Ui,CtWA5XHeVuJYGrF52e6XcP,ZvavHfr4E3caj8voEZddTE,eXBTvFoLgpTTM7PQ6cRZaf,ivYcGxcgsve9ekWpcCcTwe,73pncAaY9rrMtpxqxfvinp,JpGtXkGXeLXRQQ6VXdw6E6,mrAEgPqHMCj3wExLd86msa,eCMrXu9yMUvsQRjnjptuyb,KtFzSJdyXz6mGaTZbdSGsB,XvisDsA96KCADR25MVmkYE,JmRSnmjBXE2SxpUYM87BKT","0,1,0,1,1,0,0,1,0,0,0,0_0,0,1,0,0,1,0,0,0,0,0,0_0,0,0,0,0,0,0,0,0,0,0,0_0,0,0,0,0,0,1,0,1,0,0,1_0,0,0,0,0,0,0,0,0,0,0,0_0,0,0,0,0,0,0,0,0,1,0,0_0,0,0,0,0,0,0,0,0,0,0,0_0,0,0,0,0,0,0,0,0,0,0,0_0,0,0,0,0,0,0,0,0,0,0,0_0,0,0,0,0,0,0,0,0,0,1,0_0,0,0,0,0,0,0,0,0,0,0,0_0,0,0,0,0,0,0,0,0,0,0,0",14293
PwVLbY8x7goPMgVqHQeBG4,172.19,1477970505,1477987226,"GSReEqmcJHVYEb34TrLziD,do56nzRuN3mCQec2dcoQ8C,PHWXMqpFhS5SovkFoWFk7r,U7uynBitd7bZ35Nb2Pz9NZ,KEE8wmePEJDLoQQb6qNwfq,nhvx8EVfQL9aookZrQ2T2v,Zdn6b6m4TuPKo3eRvKSnuG,GAnaaysxw6SEfZzknpnyGx,D96Yqb9jUY7YUdfhrCXjDP,PNQmarKzZr8pxxDd3kxaNf","0,1,1,1,1,0,0,0,0,0_0,0,0,0,0,0,1,1,1,0_0,0,0,0,0,0,0,0,0,1_0,0,0,0,0,0,0,0,0,0_0,0,0,0,0,1,0,0,0,0_0,0,0,0,0,0,0,0,0,0_0,0,0,0,0,0,0,0,0,0_0,0,0,0,0,0,0,0,0,0_0,0,0,0,0,0,0,0,0,0_0,0,0,0,0,0,0,0,0,0",16721
HAfWFKFkhYtG2igsgqL8Nn,112.99,1477972136,1477982047,"fTobwyetQ8MJRbm8TM42hF,jEzQJuLSQwcan3GS27M5qU,Bcfx66ZGzAJrCSVGcq46Lw,K8kMpwerBYFFc8AmfEgjuH,Uinz27Q2DAarXStwWGY5vD,nXC7pmZG7puwjmhKuUw3aT,U97LTTbQfGUrZhEHh7deFU,SR2z7zojZexEXxpkTyeE24,cW7hFTdXd2MhotAQnHTrnM","0,1,0,0,0,0,0,0,0_0,0,1,0,1,1,0,0,0_0,0,0,1,0,0,1,1,1_0,0,0,0,0,0,0,0,0_0,0,0,0,0,0,0,0,0_0,0,0,0,0,0,0,0,0_0,0,0,0,0,0,0,0,0_0,0,0,0,0,0,0,0,0_0,0,0,0,0,0,0,0,0",9911
XUfRiuTAHURzXT5bc6iyzR,195.70,1478000360,1478016040,"S2NNT4EhiZpEGoCyHhS9sc,L4aVo7Pqy65KPHu3jQT3yf,dwuUjNZ8Mhzz99wE75pN5H,fWPhVSJhowWTeerQ4RATrq,jKSNuHkkbcJQKUqwutxaoG,NLVqjRYKmpWc8reaNsC69M,aBcX6kNCBqnQh8nmAgRTMR,CG9hMzWHiysR4vHMSKCUZw,S44DySAFeZ8XnPkMEQmcSD,FnrvjzVN8TrJnAB2TeKScv,AVwhfqCGXnUMdHiRbE2DGG,bTCURKiV7WKkykhicB3wGQ","0,1,1,0,0,1,0,0,0,0,0,1_0,0,0,0,0,0,0,0,0,0,0,0_0,0,0,1,0,0,1,1,0,0,1,0_0,0,0,0,1,0,0,0,0,0,0,0_0,0,0,0,0,0,0,0,1,0,0,0_0,0,0,0,0,0,0,0,0,0,0,0_0,0,0,0,0,0,0,0,0,0,0,0_0,0,0,0,0,0,0,0,0,0,0,0_0,0,0,0,0,0,0,0,0,1,0,0_0,0,0,0,0,0,0,0,0,0,0,0_0,0,0,0,0,0,0,0,0,0,0,0_0,0,0,0,0,0,0,0,0,0,0,0",15680
bHWaZVd7qj9be6Uxm2jmmk,103.07,1477971224,1477981715,"8YzjYAPs6zzpCrpxSkDH5V,JTL2jEmts7m9FMX7gc7MVJ,YEpxrBAYZzYUk28gMNosq3,oC3xU7oPnd6RQgMa4pZ47q,ExqehqswekKfzNfkKrSmYt,RAV7PPAihGMBG3fDUZY6oH,ZbzMS8C6UBmyWnrfKTJe4v,fUtCKFXecdBbZ75Z9vsHMQ,Tfi6SmJRGDZJmho4kpk4N2,7X9V6EFtWWhY6DqeopTYXY","0,1,1,1,0,0,1,0,0,0_0,0,0,0,0,1,0,0,0,0_0,0,0,0,1,0,0,0,0,0_0,0,0,0,0,0,0,1,0,0_0,0,0,0,0,0,0,0,1,1_0,0,0,0,0,0,0,0,0,0_0,0,0,0,0,0,0,0,0,0_0,0,0,0,0,0,0,0,0,0_0,0,0,0,0,0,0,0,0,0_0,0,0,0,0,0,0,0,0,0",10491
MNpS8tLKgPHeDgoLLft4n4,151.83,1477991143,1478008725,"JSbbpTXjyA3ZGrVpthaM3j,hJJ6JwniTPkTatrJqiQVaf,fxWp3Jy86ExEztrSsDwWSe,236SaDyTqkDZiBDsKnzb26,XCWWQfdPcqGKoXevdUySgx,7rtAUQm66er3ksJCEMFafy,GsghM85FiuJVFZVsFPnPeF,AkUqtjUpoCmWCVdVHcnmnu,NLFDzkM37f7Sx9GXnB88Np,4eM43srYL5yxvX37T9f8FG,Z4BUq24jYbzWBSt8rm2rwy,3mKG4uQNz74zxxbkwSV9Nz","0,1,1,0,0,0,0,0,0,0,0,0_0,0,0,1,0,0,0,0,1,0,0,0_0,0,0,0,0,0,1,0,0,0,0,0_0,0,0,0,1,1,0,1,0,0,0,0_0,0,0,0,0,0,0,0,0,0,0,0_0,0,0,0,0,0,0,0,0,0,1,1_0,0,0,0,0,0,0,0,0,1,0,0_0,0,0,0,0,0,0,0,0,0,0,0_0,0,0,0,0,0,0,0,0,0,0,0_0,0,0,0,0,0,0,0,0,0,0,0_0,0,0,0,0,0,0,0,0,0,0,0_0,0,0,0,0,0,0,0,0,0,0,0",17582
TYJJnAG9KtYRggfHh6fQdM,185.87,1477969716,1477984572,"gotfuZMjzpM9snnaCtUWTs,JTpfiEiAdw3L2Up8ASexLx,JbgdLuesnyY3nu6Jq5BWj8,bSUGqibxq8kP4ofEjgtPuN,PJfiCGhsmS75LhWxNjPssG,faMEDbZWVayS52zN5SDP4Y,9GChqgs3MrP6ur4ccJMsJZ,bpHPyYnSJr7yFAkvmaEFhf,JgvZFYiyhC5PHSjUzR2Pm3,Rw6BkBq2EKNCYpDzB5zicC,7wRN2FMwXfNXBN8PCktiRr,F8zNURvwk5qjzAcTtjGKtR","0,1,0,0,0,0,0,0,0,0,0,0_0,0,1,0,0,1,0,0,1,1,0,0_0,0,0,1,1,0,0,0,0,0,0,0_0,0,0,0,0,0,0,1,0,0,0,0_0,0,0,0,0,0,0,0,0,0,1,1_0,0,0,0,0,0,1,0,0,0,0,0_0,0,0,0,0,0,0,0,0,0,0,0_0,0,0,0,0,0,0,0,0,0,0,0_0,0,0,0,0,0,0,0,0,0,0,0_0,0,0,0,0,0,0,0,0,0,0,0_0,0,0,0,0,0,0,0,0,0,0,0_0,0,0,0,0,0,0,0,0,0,0,0",14856
mj5B3Qncq7TDZvNz259amT,145.92,1477983316,1477998676,"Vu7Efq5wTtbq5LRRMmjmux,L67EpVjUxAsPsHHtzSBBWx,bMX5u2QRpm8vYZgzrhdPRr,6fQaa6Xu9ZRzaA68PXsn8f,At8Hhjbp9brQLCpoMGaC2J,HWcKHa3cLCZMT4qyLrmJXp,nC4Jqft9QgU3L6RpAufM9r,dBksBAjGwLUvz4w9CyqPPP,CwfiR4tnsNGsz5NSG8PX6J,W6Aim2gefdZ96kshd7GVP8,KwCdopW86UPVquE6bktk6Z","0,1,1,1,0,0,0,0,0,0,0_0,0,0,0,1,1,0,0,0,0,0_0,0,0,0,0,0,0,0,0,0,0_0,0,0,0,0,0,1,1,0,1,0_0,0,0,0,0,0,0,0,1,0,1_0,0,0,0,0,0,0,0,0,0,0_0,0,0,0,0,0,0,0,0,0,0_0,0,0,0,0,0,0,0,0,0,0_0,0,0,0,0,0,0,0,0,0,0_0,0,0,0,0,0,0,0,0,0,0_0,0,0,0,0,0,0,0,0,0,0",15360
6BqCYfNj44ngRduD9JKTcK,199.31,1478009984,1478028414,"Wezako46ADuWNmoZat6H2H,3r3JroyJXBmdcAVLBkZT5a,RWeZkDJV42yqP25LLzDNL7,LgUzaGRBkkTARZD827DCNe,LtJ4riUzwWM8E5ZmKar4Hc,f3TuqtQyGhYhAktgvuEhz7,iAbVeB9HncN8NT3GBn6FaG,FrMM8V4wdcuC6r7EsAZF32,EcGGQCEpXsEStqc9ESzM9Z,gjcTzc4DKG6ZHSgcxZAyFP,cAeN4jDWPDBMJ3ebUJW6iS","0,1,1,1,1,0,0,1,0,0,0_0,0,0,0,0,0,0,0,0,0,0_0,0,0,0,0,0,1,0,0,0,0_0,0,0,0,0,1,0,0,0,0,0_0,0,0,0,0,0,0,0,0,1,0_0,0,0,0,0,0,0,0,0,0,0_0,0,0,0,0,0,0,0,1,0,1_0,0,0,0,0,0,0,0,0,0,0_0,0,0,0,0,0,0,0,0,0,0_0,0,0,0,0,0,0,0,0,0,0_0,0,0,0,0,0,0,0,0,0,0",18430
TLTRyYEHBn8wjEhWCHLotP,114.26,1477991637,1478003569,"N27xkeAbKHQNTUWkKmWntH,UmmA6peE5ymaWXb8gE5bWD,LXfx5H7tHqhmydXHbyxFxd,ihBUVwKYDcLkAuieynD9Ye,PL9VBV7gMwsAxqng6oBx2h,GzmNmBQJPvuzoMe3uXe8zY,W8PhfoXArFQarSeCnWSLbW,gvejwzhMrZrMasaLBUCoGz,Te8amUB9ZRmSZJaG5jafnM,7fKwRFgowwcDV2h7fDbgi2","0,1,1,0,0,0,0,0,0,0_0,0,0,1,1,0,1,0,0,0_0,0,0,0,0,0,0,0,0,0_0,0,0,0,0,1,0,0,0,0_0,0,0,0,0,0,0,0,0,0_0,0,0,0,0,0,0,1,0,0_0,0,0,0,0,0,0,0,1,0_0,0,0,0,0,0,0,0,0,1_0,0,0,0,0,0,0,0,0,0_0,0,0,0,0,0,0,0,0,0",11932
ENeWLEyvtzmwZro4jCgrTc,113.69,1478003571,1478013289,"gWY5Nr9L7SFqN4PnFGqgvF,PCvcoW8QXvDNGLP673ruQx,juPEsQQ5XUVd3CxX8TWwx6,XJKsBSc5agyT4kGPQye5nK,fbiBEeCaFeWdvUAFettCCL,XjmPXyQRMm2ZvFbqRAfQrZ,h6pVgDaCwPkwXz6PLeaJv7,aYRp3rKp5necUqauXqDJas,kW5SZ5MkCXek6kWwYKoN6h,WHbxamXGJbz4wkN5Bpx3Qh","0,1,1,1,0,0,0,0,0,0_0,0,0,0,0,0,0,0,0,0_0,0,0,0,0,0,1,1,0,0_0,0,0,0,1,1,0,0,0,0_0,0,0,0,0,0,0,0,1,0_0,0,0,0,0,0,0,0,0,1_0,0,0,0,0,0,0,0,0,0_0,0,0,0,0,0,0,0,0,0_0,0,0,0,0,0,0,0,0,0_0,0,0,0,0,0,0,0,0,0",9718
7fwBJiqEGErFFcTTSxSPXU,212.63,1477966422,1477983491,"hxHHqUmnQ55VS2BuhE9foG,HajkUU7NXfBZEvMHWDccmS,CNgBCBRsYBq8BS3HErycey,Y8ef2S9NzfJvnN3ocuzssj,5LSjFJVNaFNspLnQBqg92k,mceL4n8F6iruAywi7mFf9a,B6uVZXN5J8MYwNPtxiApHv,93i9LEi8J3obUxaj5ccVKv,7dyjq23NAvoPPoC6b4gdff,NFSHQVcc6hDTxdAFrknFM8","0,1,0,1,1,0,0,0,0,0_0,0,1,0,0,0,0,0,0,0_0,0,0,0,0,1,0,0,0,0_0,0,0,0,0,0,1,1,0,1_0,0,0,0,0,0,0,0,0,0_0,0,0,0,0,0,0,0,0,0_0,0,0,0,0,0,0,0,1,0_0,0,0,0,0,0,0,0,0,0_0,0,0,0,0,0,0,0,0,0_0,0,0,0,0,0,0,0,0,0",17069
EufttzAYENfMSsDX7m8z39,145.78,1478012886,1478026564,"Rq4XDgCtUDWzX29zs55Tjm,3pyJ8J9wzXREUssEZ5jpP5,WebSyzQNeQW3Gtrmbk3Lqh,UPGtWEEEwiVHK9avMGrmG9,8nJZTTsLpg6Y67fsZvK5JH,oPvkQctPHuDWwbqHFkYBKu,9E3CDCmq7JjNZWcvjmzUn5,F86wpiABoCcxo2385nL7zw,LpAzUBrfwEGSHYxQN5hHJ8,hUZt76vigHgQ4K4xGcFf4H,gknQWA6wo2VkqWFj3v2d3U","0,1,0,0,0,0,1,1,0,0,0_0,0,1,1,1,0,0,0,0,0,0_0,0,0,0,0,0,0,0,0,1,0_0,0,0,0,0,0,0,0,0,0,0_0,0,0,0,0,1,0,0,0,0,0_0,0,0,0,0,0,0,0,0,0,0_0,0,0,0,0,0,0,0,1,0,0_0,0,0,0,0,0,0,0,0,0,1_0,0,0,0,0,0,0,0,0,0,0_0,0,0,0,0,0,0,0,0,0,0_0,0,0,0,0,0,0,0,0,0,0",13678
DDJc5y4CnfHProPwxZwPwW,156.07,1477980435,1477994192,"7JE49Ke8AYEhxeJCmxneaS,Lcko9QD3FD77TT9VjSs9jK,RfVkYtgK5WJJWre8zgtFyj,dXoFQM3iHNZZ56EP6CzQoh,ZZXL9CHShUz8SrKGcVrKQW,CucxDxXVQsDm6UQE2ECPaV,RRwBPRkc3NuBNZJ2SaUjB9,5cE4d4qdNPnUPTVi4Rr6Wn,Y7vywu7WMAu2D5KwhugZ9E,XoGwX96dfZrDzEeMFQNq6E,hciQGaquEuPfX74hjc4eG4","0,1,1,0,0,0,0,0,0,1,0_0,0,0,0,0,0,1,0,0,0,1_0,0,0,1,0,0,0,0,0,0,0_0,0,0,0,1,1,0,0,0,0,0_0,0,0,0,0,0,0,1,1,0,0_0,0,0,0,0,0,0,0,0,0,0_0,0,0,0,0,0,0,0,0,0,0_0,0,0,0,0,0,0,0,0,0,0_0,0,0,0,0,0,0,0,0,0,0_0,0,0,0,0,0,0,0,0,0,0_0,0,0,0,0,0,0,0,0,0,0",13757
fQobLNZ4tSJ7eBV5VEeJWS,165.00,1477987075,1478002409,"Hza79uP9D7TW56CM8Rffix,GyL43pYTDUfBTDNvhdapdD,K8WrsUqN9ipPTCoCmPqKuy,94LsCaAP7HfbQkBYeqDrWk,aR66Ay6oSvVj4y2RJPwc6Y,5avzU5tFmqnnzArUSKiEgv,cpBQreLzSqSxTEEXCcyVM9,AET2L2pQDKrdv8u4JTQFPX,VSpraBkkzYA8FbsZAk3EYR,CyoWEvfvMS36fi5gJgdzg8,4KPo7XEdiW2SBwhp84M7W3,KrPzPgvrNpMddXV8AjXxmS","0,1,1,0,1,1,0,0,0,1,0,0_0,0,0,1,0,0,0,0,0,0,1,0_0,0,0,0,0,0,0,0,0,0,0,0_0,0,0,0,0,0,1,1,0,0,0,0_0,0,0,0,0,0,0,0,0,0,0,0_0,0,0,0,0,0,0,0,0,0,0,0_0,0,0,0,0,0,0,0,0,0,0,1_0,0,0,0,0,0,0,0,1,0,0,0_0,0,0,0,0,0,0,0,0,0,0,0_0,0,0,0,0,0,0,0,0,0,0,0_0,0,0,0,0,0,0,0,0,0,0,0_0,0,0,0,0,0,0,0,0,0,0,0",15334
m6M6aBmRF6yyzDwiCGYM6M,128.98,1478011390,1478024042,"L9gauwzVouwKfEZpvmcbsq,nc99navLK9ERXUigd9a5VX,nmGCBnEJdnfzhFcjciWAUr,FfF9iadu8MzZKZP3ifcjQR,5SvBMJtv6iVdwkHsC94HLq,SqSXgrVEMhwojdqR5WWKKU,XxK9KVK5rTQVmFdqu9pbYC,2MaLqUgWgEMHKm2KJq5X76,FNQ6JkRME7yqr5GBgotdRJ,AX9MuA4NURtUs29pohqDZY,bRNVD8DKaYZrrQ2r6XLNEV,FYkdUjy9eUb824428mngpZ","0,1,1,0,0,0,0,1,1,0,0,0_0,0,0,0,1,1,0,0,0,0,1,0_0,0,0,1,0,0,0,0,0,0,0,0_0,0,0,0,0,0,1,0,0,0,0,0_0,0,0,0,0,0,0,0,0,1,0,0_0,0,0,0,0,0,0,0,0,0,0,0_0,0,0,0,0,0,0,0,0,0,0,0_0,0,0,0,0,0,0,0,0,0,0,0_0,0,0,0,0,0,0,0,0,0,0,0_0,0,0,0,0,0,0,0,0,0,0,1_0,0,0,0,0,0,0,0,0,0,0,0_0,0,0,0,0,0,0,0,0,0,0,0",12652
L4xS5Pnuw8Uuta9qkf8K8W,203.32,1477968366,1477984707,"jjmxgcbK2gHJQrGdeRjggg,UD9bieBh2idQLERbBvqCZf,Fn8iVK9hTEaGWbgKZcyFx7,SXdrojjBX3WDFyK32YKwWk,MW5BPTWujvpsPHUspGzogt,4a28Sy7FfaHVNNbQYjzZmg,nZhtbW9FDXwbtgSqjvVRoT,hMSS8HGGeuaKMqMwZb56uE,McMqCHRCKg3C74xH4pU6fw,NVGyWBjGzF6VmG3nYpSaMe,WNH6kmCdtmtYCwiQqdxLxe,JxKGGFUXujto6qn6kpj5AH","0,1,1,0,0,0,0,0,0,0,0,0_0,0,0,1,0,1,0,1,0,0,0,0_0,0,0,0,1,0,0,0,0,1,0,0_0,0,0,0,0,0,0,0,0,0,0,0_0,0,0,0,0,0,0,0,0,0,0,0_0,0,0,0,0,0,1,0,0,0,0,0_0,0,0,0,0,0,0,0,1,0,0,0_0,0,0,0,0,0,0,0,0,0,0,1_0,0,0,0,0,0,0,0,0,0,1,0_0,0,0,0,0,0,0,0,0,0,0,0_0,0,0,0,0,0,0,0,0,0,0,0_0,0,0,0,0,0,0,0,0,0,0,0",16341
DeZLugcSFteRm9qa8KZzVf,142.08,1477966035,1477977879,"mR83x6wzKKGHjRknTw9Zyo,GUERbbijhfgPAZJGbTx4C7,W54r9t9vQiTf6MrN4LZvA4,XAMbLSuL3qADYYAZFUdWNW,A8BWQLeLswyk6jiQ4wTP44,isiFFcjFtrUn9ySFoG4pAK,QsV3QiAGob3QgCaJqpTykJ,Q79RktbDzrHjwFyBEygzVw,eu3v7U6p9m7mW72CBEnDZP,8L7L3a8DGP5Brq25SSC7Df,VXkcjfzn5rsLXSs4kfbjaG","0,1,0,0,1,0,0,0,0,0,0_0,0,1,1,0,0,0,0,0,0,0_0,0,0,0,0,0,1,0,0,1,0_0,0,0,0,0,0,0,0,0,0,1_0,0,0,0,0,1,0,0,1,0,0_0,0,0,0,0,0,0,1,0,0,0_0,0,0,0,0,0,0,0,0,0,0_0,0,0,0,0,0,0,0,0,0,0_0,0,0,0,0,0,0,0,0,0,0_0,0,0,0,0,0,0,0,0,0,0_0,0,0,0,0,0,0,0,0,0,0",11844
mYttkeLb9ztm2mBYBwAFLH,159.35,1477955327,1477970747,"bGFfctp5QaCNpqCLd659vg,KZx5uz5iQD3fQfzbirzgxw,2F9WNyEBfkiQrF4QinPaxD,gWQXXXu4UHYMHziomaeAMN,KsDBPouzzr2cYyPkY7cjf7,DW395X5hZZLcpYC4U7dcPw,hAuTndLgFNukqRXJoLCCBy,Q6ZcguVCAeBtsEmEijFHtM,n4cAcdvAJzfKNWivoMTPu5,gLF58fFYDqvXGhhprAQPt4,NLS3ZwmHVuLcssRBVAqgNv,WStPRiiyPSWqqREmFnvH3F","0,1,1,1,0,0,0,0,0,0,0,0_0,0,0,0,0,0,0,0,0,0,0,0_0,0,0,0,1,0,1,0,0,0,0,0_0,0,0,0,0,0,0,0,0,1,0,0_0,0,0,0,0,1,0,0,0,0,0,0_0,0,0,0,0,0,0,1,0,0,0,0_0,0,0,0,0,0,0,0,1,0,0,0_0,0,0,0,0,0,0,0,0,0,0,0_0,0,0,0,0,0,0,0,0,0,1,0_0,0,0,0,0,0,0,0,0,0,0,1_0,0,0,0,0,0,0,0,0,0,0,0_0,0,0,0,0,0,0,0,0,0,0,0",15420
7uVEzUQx7XMLvyqLTVvy9U,158.06,1477981327,1477996253,"NhZCgwoKJosUxGqgr4Xyau,XtNP9yP3HhcVmWU5U7A2qB,bxxrBngy8BaKh2pzZ34gYq,RvgD45oyfK77Z9qtfarxyv,FpCdtKJYbD2hSvzQsejzxA,ZpFUZmswTZEVjoFHL4ge6Y,hzKZcDxZwmH4VgHUg3wc2i,NQHHw2qTztyFp3QzirbhDF,JvgaFzACGR3nYpuXwMnb5n,PWnoJaD6WvAmUxnDrZn2ff","0,1,0,0,0,1,0,0,0,0_0,0,1,1,0,0,0,0,0,0_0,0,0,0,0,0,0,1,0,1_0,0,0,0,1,0,1,0,0,0_0,0,0,0,0,0,0,0,0,0_0,0,0,0,0,0,0,0,0,0_0,0,0,0,0,0,0,0,0,0_0,0,0,0,0,0,0,0,1,0_0,0,0,0,0,0,0,0,0,0_0,0,0,0,0,0,0,0,0,0",14926
9SKoHyxNJnGgKKgLtXhAEu,201.86,1477985126,1478001686,"XcWNwLFrmkA5AAFR7xMs6n,Vjog5BvVDuKNY65335dHbC,56dcMsGRv23JHNhrJW8cFf,mzFVbgtN7z96LDEzM9mfHB,MhasYKL2R5DGBWPoq5BqZ5,mZ9c9adEJDzvXV9wh7bsu3,hbq47k3q8LqDzufhBLfJ5J,BSfTbodbsaUzvxiWHesWDD,HVhwPU6uHFRQfgMwJBxhqL,g9hyPvsXeKzuiJTfJJGseo,e7iS8n65Cz3PeUFv3DdYNh","0,1,0,1,0,0,0,0,0,0,0_0,0,1,0,0,0,0,0,0,1,0_0,0,0,0,1,0,0,1,0,0,0_0,0,0,0,0,0,0,0,0,0,1_0,0,0,0,0,1,0,0,0,0,0_0,0,0,0,0,0,1,0,0,0,0_0,0,0,0,0,0,0,0,1,0,0_0,0,0,0,0,0,0,0,0,0,0_0,0,0,0,0,0,0,0,0,0,0_0,0,0,0,0,0,0,0,0,0,0_0,0,0,0,0,0,0,0,0,0,0",16560
V97aZsr2FzperLpSEPJcJ5,148.83,1477962758,1477976996,"Hm7G4d6pnu88BmcW2d47qj,oX85iTCPWFwWxwJ4S9mMJP,RS2SLaALzXL2cTxXSwF7zk,gSNctYujNtvWtqLazjhrEr,5wEK43sHC5Q8nZGcCZmAzF,JwT9R9NZeK3w4NoBHD5W33,FMHLzzDMss9GBMnh9dJix7,2QdSSozvXk9vPpXimujsyJ,QiuyMpoKiP9Wp82LRo99Rc,M8qG3ZujbAzavdQwBmY5Mx,oGJNEDdCJEaVsd5wFaLCfx","0,1,1,0,0,1,0,0,0,0,0_0,0,0,1,1,0,0,0,0,0,0_0,0,0,0,0,0,0,0,0,0,0_0,0,0,0,0,0,0,0,1,0,0_0,0,0,0,0,0,1,0,0,0,0_0,0,0,0,0,0,0,1,0,0,0_0,0,0,0,0,0,0,0,0,1,0_0,0,0,0,0,0,0,0,0,0,0_0,0,0,0,0,0,0,0,0,0,1_0,0,0,0,0,0,0,0,0,0,0_0,0,0,0,0,0,0,0,0,0,0",14238
GDh3uT6ddDP2YZgb2r3ak5,148.92,1477987946,1478002236,"VmsraomXHxKEeLvP8ypEtZ,fDhXsnFGVEBM8wZXMRgcZq,gt4TNuAyTnjVKiXej7ojpz,4a2kHzUCqigjFFrktwAC7v,HDcuk6zCxG9dg278h7saVu,VErX9NybQTLWPjzDePrbcm,4rzDU5WxHvLJ6oiwGpvYR9,XudiBVS2wxKpvddM7JjmjZ,W56Zy5tneLCdtKsfxNE7dm","0,1,0,1,0,0,0,1,0_0,0,1,0,0,0,0,0,0_0,0,0,0,1,1,1,0,0_0,0,0,0,0,0,0,0,0_0,0,0,0,0,0,0,0,0_0,0,0,0,0,0,0,0,1_0,0,0,0,0,0,0,0,0_0,0,0,0,0,0,0,0,0_0,0,0,0,0,0,0,0,0",14290
WVL6a5Aha3DVwKfDGaRYLs,143.36,1477998291,1478012194,"WKfqiAsva6hytQxWXK4TTP,WohbRtax6e8uMVmydnNhNC,Ze9ZdHQcr76W8oyC2YQ5BG,Rg9VxLTC5LrDsqGoLCsXza,KeDbktnyZwVKM6om9AcRpu,TzqqmShBgxEhQxv5rxTSTX,SnApbz5EaUrTqu7KULFXWF,UsqQBxyA7RCLmaM4pWVDtU,YoGZZQHDYJLA3mLpWbQtoS,hX8AJkvotejQcj4C5hMKoh","0,1,0,1,1,1,0,0,0,1_0,0,1,0,0,0,1,0,0,0_0,0,0,0,0,0,0,0,0,0_0,0,0,0,0,0,0,1,1,0_0,0,0,0,0,0,0,0,0,0_0,0,0,0,0,0,0,0,0,0_0,0,0,0,0,0,0,0,0,0_0,0,0,0,0,0,0,0,0,0_0,0,0,0,0,0,0,0,0,0_0,0,0,0,0,0,0,0,0,0",13903
M96noPXd3SueGwLU2dFf4Y,127.93,1477991042,1478004405,"43KHSYWN4s4JUNyoyeXzdh,iYNx3PAnW2qCQStQ8WpVKg,7XN4SeAJCbXs8DjhuogKsw,i2ve2GuVkyGvt7A3JoC3eH,UMuWEViXqnrF4moM6w9b6r,k4hJnNAELLbsfHkmuHsinQ,WGTrmdpVAVaBvpRNuK6upb,biAqC2ChYukAH5aBFEpH9v,2AvFDyGTqhb3zfzwnh3tg5,7nkogLjCbQxZ2HWxDQQZge,aKkXiD9RDafMY28x2bvfNH","0,1,1,0,0,0,0,1,0,0,0_0,0,0,0,0,0,0,0,0,0,0_0,0,0,1,0,1,1,0,0,0,0_0,0,0,0,1,0,0,0,0,0,0_0,0,0,0,0,0,0,0,0,1,0_0,0,0,0,0,0,0,0,1,0,0_0,0,0,0,0,0,0,0,0,0,1_0,0,0,0,0,0,0,0,0,0,0_0,0,0,0,0,0,0,0,0,0,0_0,0,0,0,0,0,0,0,0,0,0_0,0,0,0,0,0,0,0,0,0,0",13363
kYnFYifTxAKv2fB9WzmayA,146.17,1478000960,1478017222,"mCbhjWFK6TLxzepfpaGduA,Z75KDBfmY7eGNvHrDRxBU3,YKMcJbWD3UmZW5AFdnwpME,mYPwhSmwXxZuSog8honsKn,nzMgGWDqzbCaz8DmLmNRRT,YiRGHWmm7nGpCX2KYK4mki,kuJuRuCwsz9wPuAenAgDv3,Yo2PNtx8KbPd5WW66YuHxg,LVuhjFo3wc3z5d6wsUVf7m","0,1,1,0,1,0,0,0,0_0,0,0,1,0,1,1,1,0_0,0,0,0,0,0,0,0,0_0,0,0,0,0,0,0,0,0_0,0,0,0,0,0,0,0,0_0,0,0,0,0,0,0,0,0_0,0,0,0,0,0,0,0,0_0,0,0,0,0,0,0,0,1_0,0,0,0,0,0,0,0,0",16262
FPPrDW26QbAP6BxXQWpmFd,166.70,1478013475,1478028030,"oDcNrWLW8Vs5qFCpNW7dVw,BTewtftMzSaR88NawvkDEH,3RL5jjUsVr2E3LbRdFSYTm,Ywx3bJLaqS3VARL8rS9R5E,ns8xn8F5KLHPVS8Hzzqd87,iU4JES4vcGfg9RKgLSQxuc,hLbykWvyoVrzQvoNKY4K2a,HzjWs5PG9HRvhJiANxbKSm,8XDUyZ3XkMV2W4UpdJfSXh","0,1,0,0,1,0,0,0,0_0,0,1,1,0,0,1,0,0_0,0,0,0,0,0,0,0,0_0,0,0,0,0,1,0,0,0_0,0,0,0,0,0,0,0,0_0,0,0,0,0,0,0,0,0_0,0,0,0,0,0,0,1,1_0,0,0,0,0,0,0,0,0_0,0,0,0,0,0,0,0,0",14555
e4uUNJJTypPdU9snHvURiZ,181.08,1478013697,1478029421,"bBS8RSdHz3QbWN8S6ZKJ7w,JXSPC5YCpXiAboDuerMvUB,NZasqhTcQFJtJ2zn6W4KK9,N2CptEoZf4a6YERMzMZSTN,7ipHfM4jG72v7bdbZTdiRP,WESK8mpkFYAidgqpufZovj,3xA8a5HogdNAUj2jAzeTNM,Qugb7MPcLnUFpWqdH9Bmyz,BtcDXURmvd83s2GMoq3D6y,hPEhzFvsGxkdAMQYJ94hqw","0,1,1,1,0,1,0,0,0,0_0,0,0,0,0,0,1,0,0,1_0,0,0,0,1,0,0,0,0,0_0,0,0,0,0,0,0,1,0,0_0,0,0,0,0,0,0,0,0,0_0,0,0,0,0,0,0,0,0,0_0,0,0,0,0,0,0,0,0,0_0,0,0,0,0,0,0,0,1,0_0,0,0,0,0,0,0,0,0,0_0,0,0,0,0,0,0,0,0,0",15724
XyLa2xCkXu3DswMVeyZt8y,152.51,1477950365,1477961159,"EqyLqKPE3nQMrN2pSbM4Ri,FjErAejfgWcmEUBbTDKt2g,oEZm4iasn5hu2PC5HVjmYk,WtwsbQP7kuVSswFDHM4R8i,Gs6GT5kzwtyjiiYiz6PmT5,hCCB996u62ieeCCcency5k,nZfbXcfiPJRz3Ztort7Y4n,nxFvCbUzPRUxmFyys7jXNy,PHC3Ax2mATEzHYX3hv29KM","0,1,1,0,1,0,0,0,0_0,0,0,1,0,1,1,0,0_0,0,0,0,0,0,0,0,1_0,0,0,0,0,0,0,0,0_0,0,0,0,0,0,0,1,0_0,0,0,0,0,0,0,0,0_0,0,0,0,0,0,0,0,0_0,0,0,0,0,0,0,0,0_0,0,0,0,0,0,0,0,0",10794
idckuHspCKRs4TUnCKuPfZ,110.56,1478002465,1478013727,"ATkSeptYc7CPSRFcdQTngH,7FMwzFfgTZC7Awm6wPf23G,WgB7Jf6pk4DJxzXWGKxQ4J,YRo8Xwzx3SLQZ4dHBRqN9D,3HzHEmYkgBHogoGTZPRPXb,nHqm8b9uuv8nyAPhvRKoaG,irkvGUx8cEx7HGFzpXq9Hn,PaUXpdNGmHscy5nFVQFgGr,kVH4CZqwRygPjfETRieLio","0,1,1,0,0,0,0,0,0_0,0,0,0,1,0,0,0,0_0,0,0,1,0,0,0,0,0_0,0,0,0,0,0,0,0,0_0,0,0,0,0,1,1,0,0_0,0,0,0,0,0,0,1,0_0,0,0,0,0,0,0,0,0_0,0,0,0,0,0,0,0,1_0,0,0,0,0,0,0,0,0",11262
dK5taLUhza6Emg5UzZD9Jb,183.32,1477963561,1477978532,"Wrc33Gk7K6GHutZyFTuiwn,9smY6g74FkdiWvYKfsvB22,5xCq2cXA4jx3MgjsKkhopg,RykJd6KMqoPeCqn7DVT42t,Febyofg8KU8fYuVpbVQoDU,KWSzdWPXccxqY6mnsTffAo,DJxBrCbQApgtVLGepZB56M,YmGuDF2QFetakg4Vj3vza2,XXvKd5zu9vMA6EiV7o9G7A,L9mmibjnFGbG3gxUWkyBSH,Euge83vDJ6FmpWhu9Aq9z4","0,1,0,0,0,0,0,0,0,0,0_0,0,1,0,0,0,0,0,0,0,0_0,0,0,1,1,0,0,1,0,0,0_0,0,0,0,0,0,0,0,0,0,1_0,0,0,0,0,1,1,0,0,0,0_0,0,0,0,0,0,0,0,1,0,0_0,0,0,0,0,0,0,0,0,0,0_0,0,0,0,0,0,0,0,0,1,0_0,0,0,0,0,0,0,0,0,0,0_0,0,0,0,0,0,0,0,0,0,0_0,0,0,0,0,0,0,0,0,0,0",14971
8mHJj4zb385ZQLDrEUVunh,174.02,1477984934,1478003931,"FV5Jcvkm2NSgT4WMp9ibrk,KRG7GMVubvzRidCJuAXWyq,YeaJhCdzawV3yjPKotCuib,EAAhB8VXsHJvCxh8Hao7Y3,WKDfKDYrEVaZyk2QneeMcW,ThaDW9SLUNE3tTkb9ZSQDr,FvDMfdxQVmuGWUPQXXkJ4D,oGXbnPKvAXatHsxFHBDLJy,S3Qy9G44AgzdtAAnkKwjm8,3WyGYXS73zLj67sECE5i4b,3FTQrTC9YHgWSMDEzQ9JPQ,T7mPTs6ERK7xcsgEeLLG7D","0,1,0,0,0,0,0,0,0,0,0,0_0,0,1,1,1,0,1,0,0,0,0,0_0,0,0,0,0,0,0,0,0,1,0,0_0,0,0,0,0,1,0,0,0,0,0,0_0,0,0,0,0,0,0,1,0,0,0,0_0,0,0,0,0,0,0,0,0,0,0,0_0,0,0,0,0,0,0,0,0,0,1,0_0,0,0,0,0,0,0,0,1,0,0,0_0,0,0,0,0,0,0,0,0,0,0,0_0,0,0,0,0,0,0,0,0,0,0,1_0,0,0,0,0,0,0,0,0,0,0,0_0,0,0,0,0,0,0,0,0,0,0,0",18997
GuWoA4zUgDctuWhTwAngiH,186.87,1477972683,1477990288,"QHAhJj7iBa4xjhjQ2QPMxQ,G6DsE4YaJ9WRDGcBAGhNUm,FM5bgJ6K5SaKQz7zupGKog,fDn76E9JcAyyhjiaMqAiox,T9oBA6yJNrYoc4kHmKGK8q,mB8ZuwqH34fYTinZqHPuY6,ZrsfB9YciiXpWBbqET9qrw,KcDMRauLLjqmUBhsxxiboj,5h9UHMzeHT2qSijctQ9inq,VB2CyboKvJKTiF8k8bBtGu","0,1,0,1,0,0,1,0,1,0_0,0,1,0,1,1,0,1,0,0_0,0,0,0,0,0,0,0,0,0_0,0,0,0,0,0,0,0,0,0_0,0,0,0,0,0,0,0,0,0_0,0,0,0,0,0,0,0,0,0_0,0,0,0,0,0,0,0,0,0_0,0,0,0,0,0,0,0,0,0_0,0,0,0,0,0,0,0,0,1_0,0,0,0,0,0,0,0,0,0",17605
JZhMox3LNY6KoxDENbKuXq,183.15,1477976203,1477990519,"6QTRgF4YbwD2yHKmQ4va8t,7NndUC5wB4NUPyvc765VzZ,V6aAsxxihXSnKiTFDYiPsL,kCB4WDxL35y42yMuHq6n4e,PMm2nptHz9BWJaepKM2cYg,HBYJxQoSiSz2FQY5ABzc76,KoCrij5TGsM7TzfwnZpiY7,m8U8taZHCaqs74ecSZ5Hnk,MKUCZTYwumK9dezWGbwown,CTk2B5DKDSHiJa5jJ943Gh,XkKbNzKQj6wcg63gdpb2GP,K6NSwMj3t4VChNqUg9wFSw","0,1,1,0,1,0,0,0,0,0,0,0_0,0,0,0,0,0,0,0,0,0,0,0_0,0,0,1,0,0,1,0,0,1,0,0_0,0,0,0,0,1,0,0,0,0,0,1_0,0,0,0,0,0,0,0,0,0,0,0_0,0,0,0,0,0,0,1,0,0,0,0_0,0,0,0,0,0,0,0,1,0,0,0_0,0,0,0,0,0,0,0,0,0,1,0_0,0,0,0,0,0,0,0,0,0,0,0_0,0,0,0,0,0,0,0,0,0,0,0_0,0,0,0,0,0,0,0,0,0,0,0_0,0,0,0,0,0,0,0,0,0,0,0",14316
QSQGGet3nVdnAvnzWZG7gd,104.97,1477978636,1477989125,"KPvXww6LmZhdQM3RZzUTqg,nQXwQoDWH3Dju8XtYkG37U,Ag5P6AS86i3ME4TbFBv3yk,jTGdaXAsx5anSuQrx3TB7S,23snM7ukU26TGeccPunBEY,i4wGy7qwJ9ffEPSFtQAH7V,aKgExUFmCcJu7NqywrDuup,U4rre7rTP4972XoqwuGUCR,mBhZbfP64AW6iYFcZjqFEC","0,1,0,1,0,0,0,0,1_0,0,1,0,0,0,1,0,0_0,0,0,0,0,1,0,0,0_0,0,0,0,1,0,0,0,0_0,0,0,0,0,0,0,1,0_0,0,0,0,0,0,0,0,0_0,0,0,0,0,0,0,0,0_0,0,0,0,0,0,0,0,0_0,0,0,0,0,0,0,0,0",10489
DGtVPtt68sXXtPj4j7vxPE,115.35,1477991865,1478006543,"QLwMVjbbgAWwwjrYmQucKw,EwGV9AQiZQLwwHTviMNcFc,2x8TdFAgP84zQQiynxRHsD,GyuKuiqe5z3L6PEw4YotYQ,95FuHJzLU5mVsY4FmdQNh9,bMLEWhtBCRfJbxSbzocQng,jo7QbDtqkrPidq4MFCqhaU,J6X6G36eVJqXHJ4JoPjDMU,eDbwpb45ooqqfGZ9ExchpC","0,1,0,0,1,1,0,0,0_0,0,1,0,0,0,0,0,1_0,0,0,1,0,0,0,0,0_0,0,0,0,0,0,1,0,0_0,0,0,0,0,0,0,0,0_0,0,0,0,0,0,0,1,0_0,0,0,0,0,0,0,0,0_0,0,0,0,0,0,0,0,0_0,0,0,0,0,0,0,0,0",14678
cfnRqWMVMgBztGFFdKaJ6o,117.52,1477962880,1477977457,"JQddHcgMGNNXym8VwcQckb,32VAC6h4btx5ecbdwiGgkq,9YdYj78ZmfmZpemdDD2MyH,f78DjYXTKn39Ui6mmFVZBk,aMgkjWBuHSqdnvVKpwd9vp,7wYaES8fXVjSHkRwufZVFG,RvJVAy3mPHgqL7AeMRnrua,aguZ5utxKTYCizChciMttc,MtfVozN95Kaa9QREtMLVPk","0,1,1,0,1,1,0,0,0_0,0,0,0,0,0,1,1,0_0,0,0,1,0,0,0,0,0_0,0,0,0,0,0,0,0,1_0,0,0,0,0,0,0,0,0_0,0,0,0,0,0,0,0,0_0,0,0,0,0,0,0,0,0_0,0,0,0,0,0,0,0,0_0,0,0,0,0,0,0,0,0",14577
apnNfAH7VDTK9dxYFVLRDj,179.93,1478005330,1478019599,"25ZqSMxHB6C4mB9D2dpWHd,dt59E5T3bPAw8wgCEnaEU6,asTTjuP5dL35AU2SD7KSVB,KwWhVS6YQd9FWHJ2TZY5xm,i4LG2Yd4pMCgybXJVsubAy,nsQ6ySZmYCPTdj9my3SMk2,e9jdaoEcpcPwcDRnQgu226,eyhDuS6h8Rf3CVwQZumzaD,HvYNztTcdXNk7iFFDJ7jgc,E5SsE6iBUA4YsBMckch5rx,TZf4C5TmZYawexQ46riwvz","0,1,0,0,1,0,0,0,0,0,0_0,0,1,1,0,0,0,0,0,0,0_0,0,0,0,0,1,0,0,0,0,0_0,0,0,0,0,0,1,0,0,0,0_0,0,0,0,0,0,0,0,0,0,0_0,0,0,0,0,0,0,1,0,0,0_0,0,0,0,0,0,0,0,1,0,0_0,0,0,0,0,0,0,0,0,1,1_0,0,0,0,0,0,0,0,0,0,0_0,0,0,0,0,0,0,0,0,0,0_0,0,0,0,0,0,0,0,0,0,0",14269
cHhABiaFamUsdeBQ44XCNh,179.31,1478004377,1478021626,"VurezPfLKVJzBWCyJNLvpP,KgGVG2ik3JnwMwi4Wpm3pK,Dq2rSediHkpgyvozutT3Fo,dtVryTdvX89yUP9RhzuVgr,oMmFiXBq7UjRXzY4RN9Gda,CzhSRw3Bf7tmFUKgqgEWrN,iQKw9qEw6JTTAwPC4YE5Si,aJgqdQTrKvHYk96zkcfbRp,Xfg6GQpAsBRMQ428PkXfT7,dFkWojTpHhoidbE7mvFsKv,CFW6N65NYUdtS7XoqRcTFW,cmvSsh3e2Lp4dKdxDvcdHa","0,1,0,0,0,1,0,0,0,0,0,0_0,0,1,0,0,0,0,1,0,0,0,0_0,0,0,1,1,0,0,0,0,0,0,0_0,0,0,0,0,0,0,0,1,0,1,0_0,0,0,0,0,0,1,0,0,1,0,0_0,0,0,0,0,0,0,0,0,0,0,0_0,0,0,0,0,0,0,0,0,0,0,1_0,0,0,0,0,0,0,0,0,0,0,0_0,0,0,0,0,0,0,0,0,0,0,0_0,0,0,0,0,0,0,0,0,0,0,0_0,0,0,0,0,0,0,0,0,0,0,0_0,0,0,0,0,0,0,0,0,0,0,0",17249
jUvn2s5CxcoUn3EKUGez7h,214.83,1477972214,1477994546,"XPnnJd3ccQ5ikDfd5ZXjxj,YQYCD4XDdr7LqKVYQgmGLm,GnRyhwEYdApsibeaQJnLWa,DdRTEhmswNf2oA779QNjAf,fZf48N9ujpf2H9uzg9bd7D,DZaWxchwySK4bn3oSTa7ct,SEksaQuHeWyiJaCsTpfFHd,g4aL5XRakEsRGx79AUkG8y,CteehuV7Mr7RLc5uBKC2LZ,VG3kthz8q5ma5TAqE5jb3s,7r4oFVoNnY5RTWgQCJVWvx","0,1,1,0,1,0,0,0,0,0,0_0,0,0,0,0,0,0,0,0,0,0_0,0,0,1,0,0,0,1,0,0,0_0,0,0,0,0,0,0,0,1,1,1_0,0,0,0,0,1,1,0,0,0,0_0,0,0,0,0,0,0,0,0,0,0_0,0,0,0,0,0,0,0,0,0,0_0,0,0,0,0,0,0,0,0,0,0_0,0,0,0,0,0,0,0,0,0,0_0,0,0,0,0,0,0,0,0,0,0_0,0,0,0,0,0,0,0,0,0,0",22332
RosTRHZPCAVwZj25CAa33D,156.86,1477982232,1477996969,"SG3A5hR6rHYc4MrGp9Xro9,2NxdVVAEFs3wTKCjetKnSH,CcrTzx9yJkiZGKdyQkUPZm,Tpn3m8LCRAajoL7VnRp3mu,XDteD8hwbSfNjWXsEqDj3A,XSBdEip87vrSW37pGEv6bg,k74pbMv6k2qNqFi7UQz6GF,gUyYFfMFLwXrQiUuowiqvV,HP7xHJ8Ay4PMrdt2ZtpKAD,4z5DghF47czg8qC4p4rjs4,Z4DGJNG5xzkv7Nii7sxP3e,NEa97NpwiEyqW8ZNaAvb6u","0,1,0,1,0,0,1,0,0,0,0,0_0,0,1,0,0,0,0,0,1,0,0,0_0,0,0,0,0,0,0,0,0,0,0,0_0,0,0,0,1,0,0,0,0,0,0,0_0,0,0,0,0,1,0,0,0,0,0,0_0,0,0,0,0,0,0,0,0,0,0,0_0,0,0,0,0,0,0,1,0,1,0,0_0,0,0,0,0,0,0,0,0,0,0,0_0,0,0,0,0,0,0,0,0,0,0,1_0,0,0,0,0,0,0,0,0,0,1,0_0,0,0,0,0,0,0,0,0,0,0,0_0,0,0,0,0,0,0,0,0,0,0,0",14737
EDrCzMSbpq4PvEz9Jk9JJT,171.82,1477990134,1478006732,"DN6WWh2pz2y2SGqigDgRun,77fJestBeJsai4ZHJn8aiC,GcjJmWNDTJSnNUGsNfaSXH,6sVwFD2PTj2WWp6uJXTBB4,Mgtzko3xj4fAMH7kGQ5RNu,8NgGeRhmToqcvbyk2UPqfB,Jtbq4V5Y4JEC9pEq4iRmjy,hApuHaMLi7MoYGRajHHdmP,7DhrBXE4kgTvWmhMfJHuhr,3kewhpxR5nCMAXpBmdE34c,Wiz768izm6nhbCX2stAxiN","0,1,0,0,1,0,0,0,0,0,0_0,0,1,1,0,1,0,1,0,0,0_0,0,0,0,0,0,1,0,0,0,0_0,0,0,0,0,0,0,0,1,0,1_0,0,0,0,0,0,0,0,0,0,0_0,0,0,0,0,0,0,0,0,0,0_0,0,0,0,0,0,0,0,0,0,0_0,0,0,0,0,0,0,0,0,0,0_0,0,0,0,0,0,0,0,0,1,0_0,0,0,0,0,0,0,0,0,0,0_0,0,0,0,0,0,0,0,0,0,0",16598
9hez38m25rFLfZniCAErwn,200.01,1477968828,1477985376,"ncYn8XMkwDPpo2EdudDGtq,o7mJfkiDLaE7K528MqbBG4,gZRA7UXisDB48F7DimMMsm,ZQYqCVQzUpGW4VCfqJzp4S,T8ByzQf5GaRkxv3gBR9Vyx,MggU4vH6pFjo9oxthbLWDq,SraCnSzpnYGoFHGkpCtFCa,2EerpBzGzdA44x7fzvCYhL,aTFrXpX7o84svAFJffnxZY","0,1,1,0,0,0,0,0,1_0,0,0,0,1,0,0,0,0_0,0,0,1,0,0,0,0,0_0,0,0,0,0,1,0,0,0_0,0,0,0,0,0,0,0,0_0,0,0,0,0,0,1,1,0_0,0,0,0,0,0,0,0,0_0,0,0,0,0,0,0,0,0_0,0,0,0,0,0,0,0,0",16548
fx2hc88hzFctQ2E7XmaQ3C,210.40,1477983418,1478005167,"MufeM2MhAZiBwWiAQ82EwY,in2RJecDtAYGABRmMtbdMe,Cca6zzpeyxmANngnXSrHtU,DD9AEHXLzCipapQAPDESGu,kuETGmpSagGavqM6SzytnD,Tgwh3vYqUnXUyx48JS2e8o,HCPHapgJBJY9RZh2KXahas,FuKwKEvbEDyMchV8HCVtf8,XmnXDonEmXSnRyYkMmgSst,JR3eUU73jXnRCgq5qiJoBr,cjUUahawTJNJyHC6covDpo,EAVTJCuJjxCLCgmgEtDor4","0,1,0,1,0,0,1,0,0,0,0,0_0,0,1,0,0,0,0,0,0,0,0,0_0,0,0,0,0,0,0,1,0,0,0,0_0,0,0,0,1,0,0,0,0,0,0,0_0,0,0,0,0,1,0,0,0,1,0,0_0,0,0,0,0,0,0,0,1,0,1,0_0,0,0,0,0,0,0,0,0,0,0,0_0,0,0,0,0,0,0,0,0,0,0,0_0,0,0,0,0,0,0,0,0,0,0,0_0,0,0,0,0,0,0,0,0,0,0,1_0,0,0,0,0,0,0,0,0,0,0,0_0,0,0,0,0,0,0,0,0,0,0,0",21749
TA2Mp9ajk7xdQm8dX4r6LJ,164.65,1477979810,1477993010,"DPb5PnskyW2mRUY3YHuZuA,egH5LVLkYDHc8cFQyaJqEF,fFz5smCtXwVsHBQQPrTkna,UuH9KhSCT56gcdm3tj3rrg,gKvwqUTziGE2rVvDTPVjK4,d4yPyPLK9aY76iZmgKhNQf,WWUXpgf8WHaRfjfVVzwchj,asktuzrdP8kKSzYtoo3PUp,JzqcMWxUzYqigMikwvX72h,VSuvoQGuGU7kLPQwVFoMhy,hnenZeccVWye8LBdgFUCLK","0,1,0,0,1,0,0,0,0,0,0_0,0,1,0,0,0,0,0,0,1,0_0,0,0,1,0,1,0,0,1,0,0_0,0,0,0,0,0,0,0,0,0,0_0,0,0,0,0,0,1,0,0,0,0_0,0,0,0,0,0,0,1,0,0,0_0,0,0,0,0,0,0,0,0,0,0_0,0,0,0,0,0,0,0,0,0,1_0,0,0,0,0,0,0,0,0,0,0_0,0,0,0,0,0,0,0,0,0,0_0,0,0,0,0,0,0,0,0,0,0",13200
hPKWJWX77H3nznhL8JrYEu,122.21,1477990449,1478001350,"5YL9rVTpVXEKviXtrEYVNg,VNPZetkwQGZ2xuJ4tJohAS,XdfCKErC8ZxZZ4LivjvsxN,QKhR7facMLXotMrzJjVWdB,6PQdCsyaju8xWfbWAFRzBm,oMdR5vXc7xnLKQw5m5VpEA,4SoJuwPmYWxSNrUKDE6ak3,UCSyWZLCGRd4QzgG3V6j7j,SriSyWo88ChPDTRSgJUzDZ","0,1,1,1,0,0,0,0,0_0,0,0,0,0,0,0,0,1_0,0,0,0,1,1,0,0,0_0,0,0,0,0,0,1,0,0_0,0,0,0,0,0,0,0,0_0,0,0,0,0,0,0,1,0_0,0,0,0,0,0,0,0,0_0,0,0,0,0,0,0,0,0_0,0,0,0,0,0,0,0,0",10901
3NdkunjCdSxdPPKFt7pYPV,160.23,1478001237,1478016055,"b45aNoAcLvF48k9Y6fRepP,QwsLTeD9fGpTJYi6KciYXF,7e38xJr2GsPuHyuSJGQENp,BhqhVmapVbCtg62cpwr8fM,c2pLsAKbSCqCwS2FkkzSfT,9A6DCofBsjRSaUtZ3tRmVf,MAyu4ChYMQP73VR8dHLXAi,XD2isw9e6QcApVZez7jgBn,RTqWHHsnRNusnZxFj6WySW,KWrUkrvENbZ2uTRUaKpbtL","0,1,1,0,0,0,0,1,0,0_0,0,0,0,1,0,1,0,1,0_0,0,0,1,0,0,0,0,0,0_0,0,0,0,0,0,0,0,0,0_0,0,0,0,0,1,0,0,0,0_0,0,0,0,0,0,0,0,0,0_0,0,0,0,0,0,0,0,0,1_0,0,0,0,0,0,0,0,0,0_0,0,0,0,0,0,0,0,0,0_0,0,0,0,0,0,0,0,0,0",14818
c5qgcuLWqwpHsGcjZBsXdw,194.96,1477990614,1478010808,"JASBKsUUDZuvmS327c4MJY,3LfYtQrGQSMYNLuAeCRosN,CNy7p6M9hE7GLNsumCsYRt,AGEKffKoRS7RPVzF2prQje,Eor42T52BvJEvjsoQvoNmQ,FrFjy5ycrjWVLsMHwRvkge,mHWkW4JMX2pMBSnreChDkC,dNYF5kJuhv2MGysxyCjb5o,FzK2DMb4Kse6GgLLtip96R,S2zgyRjwD73bkBT8PS2RXE,8X3pS59ZUckQqTfCsKrAWQ,TzjXUs42FAjGTZeRdX3un8","0,1,0,0,1,0,0,0,0,0,0,0_0,0,1,0,0,1,0,1,0,0,0,0_0,0,0,1,0,0,1,0,1,0,0,0_0,0,0,0,0,0,0,0,0,0,0,0_0,0,0,0,0,0,0,0,0,0,1,0_0,0,0,0,0,0,0,0,0,1,0,0_0,0,0,0,0,0,0,0,0,0,0,0_0,0,0,0,0,0,0,0,0,0,0,1_0,0,0,0,0,0,0,0,0,0,0,0_0,0,0,0,0,0,0,0,0,0,0,0_0,0,0,0,0,0,0,0,0,0,0,0_0,0,0,0,0,0,0,0,0,0,0,0",20194
Uiv6GDpzeJk9q6jhH2wfGb,111.03,1477931066,1477942051,"f55qa4kgbCgkJoR9SKggHf,6YBD2VPDBinJnDjBo4Vsiz,izmJ5C9iPEqA4WxcrKVzDq,LSHqoP4hbMXPPDbqMF97mo,GfYLbdtSFiPtScvHPRfath,fgjD6HkTTZWWKkGW2fSiEh,XaZYBYHYzPN36uVFxbMqKW,cEsVYhVYKz74jXNkHbkecq,jhi9ZWeFppH4GRWZ8HUy2T","0,1,0,0,0,1,0,0,0_0,0,1,1,0,0,1,0,0_0,0,0,0,0,0,0,0,0_0,0,0,0,1,0,0,0,1_0,0,0,0,0,0,0,0,0_0,0,0,0,0,0,0,1,0_0,0,0,0,0,0,0,0,0_0,0,0,0,0,0,0,0,0_0,0,0,0,0,0,0,0,0",10985
Znjr5B8TDyNsKXDaA3K6Wt,158.86,1477967539,1477980582,"kzYaaXeC7SqYwqGWiqkW5h,BNVZojzyxpVa6QvSS2S4uw,VetTSv4RgjQY5wJRnXGVfn,88DCZ7LwJMyRbC6LjsFAXV,gXkzVgLdFJLG3Piqihsw2r,cpRjiGNsvP9iLMmaUaQqAR,2dM34Jj4FXFyjZVywD7ZfK,mhFwvTbzfBF7iqosGcUkEP,JQK5gNNBbdmGCebdLWqqVx,DYxbTcYdk4KgHvkk3ugZfG,S8LtmxaX5X79mazWW4xXwg","0,1,0,0,0,0,0,0,0,0,0_0,0,1,1,1,0,0,0,1,0,0_0,0,0,0,0,0,1,1,0,0,0_0,0,0,0,0,1,0,0,0,1,1_0,0,0,0,0,0,0,0,0,0,0_0,0,0,0,0,0,0,0,0,0,0_0,0,0,0,0,0,0,0,0,0,0_0,0,0,0,0,0,0,0,0,0,0_0,0,0,0,0,0,0,0,0,0,0_0,0,0,0,0,0,0,0,0,0,0_0,0,0,0,0,0,0,0,0,0,0",13043
QaFFhZtXHdZjRsqimrLDTW,165.33,1478005277,1478018527,"EFhRrEKBcSaTxKbxJ4zU6m,e4gwbGq7Guun7dy244qBt5,hfzD9wrGsqyWsZe9Xh9Hcu,3kPcKJ6ANbhdXpLdGVJfDN,72tmT3ARPqE2A5eGGFaxpj,Yx347NnyTAhV93eEFT82C3,fnXbnHfkUkSeMmm7tfCgf5,QrKwznNbEpXjio7s2zhi8h,8PugTX3wRHKWMKYcB5htnw","0,1,0,1,0,0,0,0,1_0,0,1,0,0,0,0,0,0_0,0,0,0,0,1,0,0,0_0,0,0,0,1,0,0,0,0_0,0,0,0,0,0,0,0,0_0,0,0,0,0,0,1,0,0_0,0,0,0,0,0,0,1,0_0,0,0,0,0,0,0,0,0_0,0,0,0,0,0,0,0,0",13250
ZZRkfN8qeRmcKaRFWqsSgz,193.99,1477971669,1477987639,"YESXdYTnMp6vmsqXvwfwUj,56kLXaFquWNkHHFf4kcTti,Rm5kimuvvPVam9hfN9prds,3tvsgdCzZLsaXH5MpnPpaH,Maq5jKQ6hFHHBnB5hBDr2A,LRhppydJDMfmdJphAWZ5HW,787SozT2KpUnZ7eV9C3kHM,N8YPU29H5qoz9sy3CxgCEF,auoZsWiJDodjnC8bFARxCP,ReuLWnjc4cJayrPryLQwDr,BGJJFecnhSh4DZjLNoWPA8","0,1,0,0,0,0,0,0,0,0,0_0,0,1,1,0,0,0,0,1,0,0_0,0,0,0,1,0,1,1,0,0,0_0,0,0,0,0,1,0,0,0,0,0_0,0,0,0,0,0,0,0,0,0,0_0,0,0,0,0,0,0,0,0,0,0_0,0,0,0,0,0,0,0,0,0,0_0,0,0,0,0,0,0,0,0,0,0_0,0,0,0,0,0,0,0,0,1,0_0,0,0,0,0,0,0,0,0,0,1_0,0,0,0,0,0,0,0,0,0,0",15970
mc7grFxadCFRDbmjdeKxgn,123.85,1477975746,1477986627,"4YmkvjASbjcrNGyE73WhZe,7xg33fvmPkz55qoTSvrGVM,aaheAvmXqTsBBRbWE7Gnxs,jCVrsQ2c2LrsdLzsxLuQrV,TnzMUj5HM3Xn6Ay5isxiro,NrNZu3pTjyMG3UezKn2rJG,NQdvzRnAUhDZtNKEEFCgQJ,gyiNMTgM3oFF2YZ28fwX4X,KRtrK2dYXn8rRwtFDLEHw2","0,1,1,0,0,0,0,0,0_0,0,0,0,1,0,0,0,0_0,0,0,1,0,1,0,1,0_0,0,0,0,0,0,1,0,0_0,0,0,0,0,0,0,0,1_0,0,0,0,0,0,0,0,0_0,0,0,0,0,0,0,0,0_0,0,0,0,0,0,0,0,0_0,0,0,0,0,0,0,0,0",10881
T6urUVWLkZeVTotjWhgBcn,127.99,1477978060,1477994628,"TCVvFdxthVmd4xHmMqFuwJ,HLdGeyuKS3A9ruqiWA8efG,SQd3rwENLU8ix9tfGErsE8,VRvRsfVx9i6Xz8mEu2SZB5,mrurtyhyJRxHMTW3qzv7kS,Y5XbeRogjEVDVwAFXGDobv,UK9Esp3NuNGXUuDbNJFjM2,DLYQJLyHetm6nxcH7p5X9k,3DhE7ofVteAdarG2gbZdWA,oL95N2qhqUJgi9QtGMoaE5,kw5jZb3bBu8CJL57PptGqF","0,1,0,0,0,0,1,0,0,0,0_0,0,1,1,0,0,0,0,0,0,0_0,0,0,0,1,0,0,1,0,0,0_0,0,0,0,0,1,0,0,0,0,0_0,0,0,0,0,0,0,0,1,0,0_0,0,0,0,0,0,0,0,0,0,0_0,0,0,0,0,0,0,0,0,1,0_0,0,0,0,0,0,0,0,0,0,0_0,0,0,0,0,0,0,0,0,0,1_0,0,0,0,0,0,0,0,0,0,0_0,0,0,0,0,0,0,0,0,0,0",16568
AvBRMQc9QfnqJZa6dhKj4U,133.94,1477969871,1477984821,"8GFXPtyxwTA5y8kNVrutss,RoV6iQH6sJ27bYwQBoKdSk,jbRWbSFCbAytYT4Sa6wn3K,Vwy7tTbeHh3qhFsFntZjTt,MkkxGbgf6hZpQuHDKsW3Bf,6ni8igvpnTfXzF7afwFZ8U,FD37wedsxozLcNGBoSkoTX,Ac6eMjeJLN6DpUdu54y8FG,kqrUmjzhoYUQ4mzvcestvF","0,1,1,0,0,0,0,0,0_0,0,0,0,0,0,0,0,0_0,0,0,1,0,0,1,0,0_0,0,0,0,1,0,0,0,0_0,0,0,0,0,1,0,0,0_0,0,0,0,0,0,0,0,0_0,0,0,0,0,0,0,1,0_0,0,0,0,0,0,0,0,1_0,0,0,0,0,0,0,0,0",14950
4SMFJxZK8pyChTaMgGEnFK,120.36,1477975537,1477988352,"fPocauS3hiyWEQGn7HssmS,PwC2Fr7wPRbV63SKKVNTcZ,C5jufERkoLf9xUzxXKxZLo,WU3yyDhouyCC4VY2rVMSD9,9Et2uyNxVWMmghLj3y4BDk,ZEbjmiLmXPLDeu24vjaqQs,G4pNy2EtFvJzDkZMYzhtrJ,S7jgfbmr6XmBMsKnXfUFVN,7fUawL5XdwcWmbTkikfHGD,cpkFVRRtaYriaGr6xxNjKB","0,1,0,0,1,0,0,0,0,0_0,0,1,1,0,0,0,1,0,0_0,0,0,0,0,1,0,0,0,0_0,0,0,0,0,0,0,0,0,0_0,0,0,0,0,0,1,0,0,0_0,0,0,0,0,0,0,0,0,0_0,0,0,0,0,0,0,0,0,0_0,0,0,0,0,0,0,0,1,0_0,0,0,0,0,0,0,0,0,1_0,0,0,0,0,0,0,0,0,0",12815
E4TDijhLwuNPrPdYxxCKZJ,173.92,1477994030,1478010943,"DT6d2aw3N925LaKm7jpX2W,L8C46L8qLFkuNtUDHfxUmn,jvy6dzP7BLTVAY4eVjXmSn,XaTprtTqhvm7VtkA3zYoY8,YxLZj9zBybMAiwinf7e7f4,PyCWZn3zTfxa3mLmQchr2h,S5d7yKhWqr5YwX3TSF77up,D8vYTua3rmf7CfJXsHCixJ,bx5ZXjabuqHnjhPPhQ4WjQ,98uTkJ2VCLubzpXjwnA65s","0,1,1,0,1,1,0,0,1,0_0,0,0,0,0,0,0,0,0,0_0,0,0,1,0,0,0,0,0,0_0,0,0,0,0,0,1,0,0,0_0,0,0,0,0,0,0,0,0,0_0,0,0,0,0,0,0,1,0,0_0,0,0,0,0,0,0,0,0,1_0,0,0,0,0,0,0,0,0,0_0,0,0,0,0,0,0,0,0,0_0,0,0,0,0,0,0,0,0,0",16913
kgNt6YmendhBpoNhFffNPU,120.89,1477966313,1477977896,"j5fttRRzAT7nnw4b4X5QbU,gA5FsHA8bAMBcXprAoqA2p,KAqcpNZCRa5GzziSHmqu6j,frC52KnxVVNokquqcCNAHZ,JWRkczXa4PMyy4Q8aCDfsd,NGtP5SUeTAiaFUVxZHUfNb,Y9tMWby68egc8h84fVsBWz,Csi36PEtETHWrZmVKqSCXe,LCyYn9Gt87EoLGQHG3oc7F","0,1,0,0,0,0,0,0,0_0,0,1,0,0,0,0,0,0_0,0,0,1,1,0,0,0,0_0,0,0,0,0,1,0,0,1_0,0,0,0,0,0,1,0,0_0,0,0,0,0,0,0,0,0_0,0,0,0,0,0,0,1,0_0,0,0,0,0,0,0,0,0_0,0,0,0,0,0,0,0,0",11583
W5eJdWHQU3M2rLLpbbFG9P,157.81,1477981300,1477992976,"dgUcPrQGZ92By5ywnfi99R,CEcTudFe8BpDzbXxQYnffQ,ixieTa7dkxNiQy4utmTQT7,NtXceaR2HknPb7A3XtmEAd,8EMsGBxAkXCYaVdgwksgF5,3EZNM33sqJKfMieKE4zMoY,4h86QMMCdV2t2VW9eZivRF,eNxhMWqiZqR5Cr85Mnu5NX,VUhEBQMm34RphPbufhjxER,5g3wwnLaEWxohmftcC29tW","0,1,1,1,0,0,0,1,0,0_0,0,0,0,0,0,0,0,0,0_0,0,0,0,1,0,0,0,1,0_0,0,0,0,0,0,0,0,0,0_0,0,0,0,0,1,1,0,0,0_0,0,0,0,0,0,0,0,0,0_0,0,0,0,0,0,0,0,0,0_0,0,0,0,0,0,0,0,0,1_0,0,0,0,0,0,0,0,0,0_0,0,0,0,0,0,0,0,0,0",11676
S59gq6B5DCez5BxdciujAP,198.44,1477976807,1477992368,"c8vWfQwNmxC66NSkVT2FYC,6hEHqCTpUTTKZpbFeEzfVB,WrycudwdDxRZbjZzTzX6DT,aDuVW9NN9QpKwywoDJ9dXp,F4BnVkznRpb4MAqWrTz5Eb,FFVmDjRjPQ43Th4usoUhQs,dxt75xJyiiv4Ui2PTH83Ts,49nPSHd63JtVwJbis8Dt7y,2J853mm9WuF6NoBM2AbVb8","0,1,0,0,0,0,0,0,0_0,0,1,0,0,1,0,0,0_0,0,0,1,0,0,1,0,0_0,0,0,0,1,0,0,0,0_0,0,0,0,0,0,0,1,0_0,0,0,0,0,0,0,0,0_0,0,0,0,0,0,0,0,1_0,0,0,0,0,0,0,0,0_0,0,0,0,0,0,0,0,0",15561
f8nGyf4mRJ4WxNYMfbRdtF,128.07,1477953440,1477965221,"PgbDf4HwrqSG7eYBiphcET,gNGqNuzQCc4M7PZbonPhcJ,HdfZtV78k2pyojBpJJmF4e,4uFP2CEEfVHrKweRs329fu,3QQpb34WXHHehA5nkkhR2X,TeAhXWWVPGCddvnGALYrBv,m93ueMNvygJtbRQdbEXgZF,LZXXEVPASinBRCySc6PFWW,JxG8XpQESWq3Ev6qah8xFi,AoMoW9zMVYTr5qqbVJnxxG","0,1,0,0,1,0,0,0,0,0_0,0,1,1,0,0,0,0,0,0_0,0,0,0,0,0,0,0,0,0_0,0,0,0,0,0,0,1,1,0_0,0,0,0,0,1,0,0,0,0_0,0,0,0,0,0,1,0,0,1_0,0,0,0,0,0,0,0,0,0_0,0,0,0,0,0,0,0,0,0_0,0,0,0,0,0,0,0,0,0_0,0,0,0,0,0,0,0,0,0",11781
macKLyewTTx38bUvTAY7cP,143.60,1477956502,1477969283,"DDDrHM8fy44zYHtUHY7NhY,o9mP2QGWW6R3evTsYuS96G,RsJmqhCa2ZdaumTXziP8fP,PQ4sTqsiBfLszTuuLbRQeA,GZbQNmX7XBRckGgarPzRwC,kHgLoFrQztTd25vLvJ9T5s,dSHymbKA8ZNPAxeoJDpK66,jARyHhMqoGUJXiACoYQDwv,cavrSowFRuWyneWwpAzSyR","0,1,0,0,0,0,0,0,0_0,0,1,0,1,0,0,0,1_0,0,0,1,0,0,0,0,0_0,0,0,0,0,0,1,0,0_0,0,0,0,0,1,0,1,0_0,0,0,0,0,0,0,0,0_0,0,0,0,0,0,0,0,0_0,0,0,0,0,0,0,0,0_0,0,0,0,0,0,0,0,0",12781
ACbzaZKFH9UTmspUZjCwMy,163.19,1478004678,1478021648,"6wgykq3nXiYUausAdRU9LU,SsqkqdPgQvRU95e6KojBcb,3bWcxW82JCNjiVhav6cZbE,EmugakjqiGVe5XjSDf2mdH,AdYmvBwEyoff4YqvTnkshk,PxRhzHtuPfPtGhp5LJ7tMG,G9HW9MHQBmNuzFgaCsP6Gv,GuSxCxkSuqA9HNyAUFZAoL,eNrCHMAgGhBmWUKztHdZEV,V2eLDyVCjTMcnsSFDsY5CH,8g7N7cq3JCoyYztwBnHgoZ,iXjhCa3yzWjSG7SevDNMEN","0,1,1,0,1,0,0,0,1,0,0,0_0,0,0,0,0,0,0,0,0,0,1,0_0,0,0,1,0,0,0,0,0,0,0,0_0,0,0,0,0,1,0,0,0,0,0,0_0,0,0,0,0,0,1,1,0,0,0,0_0,0,0,0,0,0,0,0,0,0,0,1_0,0,0,0,0,0,0,0,0,0,0,0_0,0,0,0,0,0,0,0,0,1,0,0_0,0,0,0,0,0,0,0,0,0,0,0_0,0,0,0,0,0,0,0,0,0,0,0_0,0,0,0,0,0,0,0,0,0,0,0_0,0,0,0,0,0,0,0,0,0,0,0",16970
8Dedqgs3iT9pYjrzQoMvHe,168.34,1477963851,1477977612,"TVfxdp9JTAV6kp7kvURujB,hFPMNcoiSUrAhDL2Mit5am,QEBXkJgLrkgmWnTHfxbyMU,Nog8XokARVXhUwbBV7JUXa,d3aQ4awnyXf6TqPg5mK6iA,YmXGUWUyVk2gcANAziJnpo,RXtJ3FG3cifwWYGvWP5Cwy,EeCJm9bfxhqz5iwyCAsHr8,7BauzNDcAy7479P7xznFSA,NZVye76uTqwKPeFMs79FY5,RBd9foFgCAndpfbTuxQYrL","0,1,0,0,0,0,0,0,0,0,0_0,0,1,0,0,1,0,0,0,0,0_0,0,0,1,1,0,0,0,0,0,0_0,0,0,0,0,0,0,0,0,1,0_0,0,0,0,0,0,1,0,0,0,0_0,0,0,0,0,0,0,0,0,0,1_0,0,0,0,0,0,0,1,1,0,0_0,0,0,0,0,0,0,0,0,0,0_0,0,0,0,0,0,0,0,0,0,0_0,0,0,0,0,0,0,0,0,0,0_0,0,0,0,0,0,0,0,0,0,0",13761
KxC2ej6cNmPqpwqxUhfvGj,181.93,1477937103,1477952162,"SAi4CYtHooSfdwwEyCsctk,6AxcRp8rKg85pBJToDJhYR,FDNpyTBq3ncpMDUyk8j523,N5BMrWuKHGSjm3bYiczDRL,NzE3nYm8JwGxWsbGB9r26k,ZhoYP2M3va34aZnTkiuSkP,JCvocdDtfvWdGEi5ZFRxyU,aY4u4eYGyb9hkury3E2rcw,Bd8CnJZxB68DFHEYmjFYr6,TVMqCKSu7wQfpWZJEgTvuN,6nCLMXsnGzuUyZJT3wfJCP","0,1,0,0,1,0,0,0,1,0,0_0,0,1,1,0,1,0,0,0,0,0_0,0,0,0,0,0,0,0,0,0,0_0,0,0,0,0,0,0,0,0,0,1_0,0,0,0,0,0,1,0,0,0,0_0,0,0,0,0,0,0,0,0,0,0_0,0,0,0,0,0,0,1,0,0,0_0,0,0,0,0,0,0,0,0,0,0_0,0,0,0,0,0,0,0,0,1,0_0,0,0,0,0,0,0,0,0,0,0_0,0,0,0,0,0,0,0,0,0,0",15059
A3d7P7aiospMKLidpKgCQS,156.21,1477985128,1478000968,"9hqzgNvSNak2XUVpSHY4Zb,HcUFnzyrRbMFiVV888kZhG,eHG5PwZHb3nodVa73bvvay,PW7zVphhyWpPsC4YaKaSuA,PksJ4oArvvgNoqqjy4qYh8,j8hEr7gYKNb2ujeNyVayvu,JgPtaHpW3PFTZeZNTRTQo7,KzXxqwWkBUs57H4Z4AU8MU,cuU4CftvoR4B2PgeecgLwL,6i9ZK4wbq9XXrq6THyUjEQ","0,1,0,1,1,0,0,0,1,0_0,0,1,0,0,1,0,0,0,0_0,0,0,0,0,0,0,0,0,0_0,0,0,0,0,0,0,0,0,0_0,0,0,0,0,0,1,0,0,0_0,0,0,0,0,0,0,1,0,0_0,0,0,0,0,0,0,0,0,1_0,0,0,0,0,0,0,0,0,0_0,0,0,0,0,0,0,0,0,0_0,0,0,0,0,0,0,0,0,0",15840
iVeJBLqbjgaW2bKGzyS3JW,139.79,1477977546,1477990420,"KmwY8AMcFHagYjC9LiSsor,3cSXVRWHxHk4mdDcVdST6M,Qu7VXsUkvP9GatJMtQ2zhN,VhWq8jH4GvaZaqji3Efcda,nVAXNMWaqQL52dFcQYgeX3,dFBLRVtsMq5uwg4HWvuqLc,4n4iQ8jDzBPzDJSonp3UKH,3QBbNsqGJfae3Sz9GvfM74,c9xtnp4BRVJu7D4ybdi6r6","0,1,0,0,0,0,0,1,0_0,0,1,1,0,0,1,0,0_0,0,0,0,0,0,0,0,1_0,0,0,0,1,1,0,0,0_0,0,0,0,0,0,0,0,0_0,0,0,0,0,0,0,0,0_0,0,0,0,0,0,0,0,0_0,0,0,0,0,0,0,0,0_0,0,0,0,0,0,0,0,0",12874
iNBrBWavTFBikwYTqpVNAn,167.35,1477996314,1478007414,"TRQ8rR5KP4jNfrmC6Lmc45,em5SCXZemR9jKamA3s7oHn,DWpg5yyk8sVp7JzQWvJR7y,m5SMrXmKK4cDQkQ9zwN8Sn,AGpWGrgXyHn6dZk5nuhBPk,4FSjFdq5cjKNXnZvpDG4MJ,VYdWBhaCE88YdPV4GfXCbY,HwGiEExbvzgCLMB8dHjkL8,ZmUjY79LpCAusJPt86BNPx,XxxrGmbXuXHrtY6ajZDbkk","0,1,0,0,0,1,0,0,1,0_0,0,1,1,1,0,0,1,0,0_0,0,0,0,0,0,0,0,0,0_0,0,0,0,0,0,0,0,0,1_0,0,0,0,0,0,1,0,0,0_0,0,0,0,0,0,0,0,0,0_0,0,0,0,0,0,0,0,0,0_0,0,0,0,0,0,0,0,0,0_0,0,0,0,0,0,0,0,0,0_0,0,0,0,0,0,0,0,0,0",11100
LNKGKaA4Z37FQDCEgXudue,135.23,1477995682,1478010688,"KfY8k2oiTHMxoysdcEoaPn,YhgfxZ9pPfuE5vFmZk8Vt3,L8Ye2FhxtLA2xpx5xbaoat,d5cdneRBRRurnVZTMSWsrY,3WgRjVeqZkiGsjQT87u3jK,PEL5TBnLkRKa4tAJcXN3Fz,2nxjWZ8fYVk5MqYJeCutcz,VsGGdf3aKzV8nnJ77FqqDs,T8wznAc8Vjf3NnhGabinZi,2FZZpvzbcNXZWyeBhkwHyd","0,1,0,0,0,1,0,0,0,0_0,0,1,0,0,0,0,0,0,0_0,0,0,1,1,0,1,0,0,0_0,0,0,0,0,0,0,0,1,0_0,0,0,0,0,0,0,0,0,0_0,0,0,0,0,0,0,1,0,1_0,0,0,0,0,0,0,0,0,0_0,0,0,0,0,0,0,0,0,0_0,0,0,0,0,0,0,0,0,0_0,0,0,0,0,0,0,0,0,0",15006
UPSticsyRiXLzUqFTbRbR4,181.02,1477981054,1478001038,"ej9xuvHeGqYHQJBfLwyEqC,LcSeFh7j7auXqLdAFZgGEE,gsDs9Kwtic2a7B4UK3wsFK,9h4MtHcnigJ3Z6VfcoEpFk,QbngMquxNXXcaUBbpSDFL8,aqMctACu43BpRZGVXQdVzN,ZJb32ysMrh3QeRqN4SogDx,VRxn8rLk38hfG9pxQCrMpz,bkcmA4ZChWfcc2msQFjrjv,nv9hxqYdrpTBpt3MVtAmuw,2HczCphNMbWomLKNxU7Znh","0,1,1,0,0,0,1,0,0,0,0_0,0,0,1,0,0,0,0,0,0,0_0,0,0,0,1,1,0,0,0,1,0_0,0,0,0,0,0,0,0,0,0,0_0,0,0,0,0,0,0,1,1,0,0_0,0,0,0,0,0,0,0,0,0,0_0,0,0,0,0,0,0,0,0,0,0_0,0,0,0,0,0,0,0,0,0,1_0,0,0,0,0,0,0,0,0,0,0_0,0,0,0,0,0,0,0,0,0,0_0,0,0,0,0,0,0,0,0,0,0",19984
D5WviKkoDfymPAiPL6Rb2d,152.07,1477983120,1477997080,"RLHC8cqwfeSriHXpYtZDYK,AMCwRgKcv2AHCDaAbYm3pV,6eJGZuosWuf2r2Zmh3252z,ENsPNytvvhUK4UuMTkkSZK,YdYfbKoXPNJVzhtdwhzd48,G7bGejdWxZgtJi7GV64xhW,8HXcVssq5RkkaZUTAarzb2,nUUniwo5ezowrUFwbgTMNU,7KKPvfgVpo7s7BNunkL98C,aHEzqfsd2DJbB62yru6ZJc","0,1,0,0,0,1,1,0,0,0_0,0,1,1,0,0,0,0,0,1_0,0,0,0,1,0,0,0,0,0_0,0,0,0,0,0,0,0,0,0_0,0,0,0,0,0,0,0,0,0_0,0,0,0,0,0,0,0,0,0_0,0,0,0,0,0,0,1,1,0_0,0,0,0,0,0,0,0,0,0_0,0,0,0,0,0,0,0,0,0_0,0,0,0,0,0,0,0,0,0",13960
2nqdWePwXR8sMLKYWYax2q,152.24,1478002322,1478015770,"3RuoiiqttZeCXV3PgnQvfa,eJMid2ogoVbrjKtydEbsmc,fRByRF6t8Fp4QXmBt4XwPP,3e6J78vHZXABH86jLfjokJ,cpJmuYiTurCBzun97bk6tG,fPEiPc2Zak9AdbKadBPzFQ,DjCtKdpYobbME4kxMXWRgu,3xQhixiKxE5KNFZVymH2VN,ZvYJJH3Zipn4vhRkN6ntgf,NraXL6u7Nsfaq7nTw29BTd,V7W66eFDxPAE9xFcWS7P5b,2kQ6jLTD3zd8L6Pfdypg8v","0,1,0,0,1,0,0,0,0,0,0,0_0,0,1,1,0,0,0,0,0,0,0,0_0,0,0,0,0,0,0,0,0,0,1,0_0,0,0,0,0,0,1,0,0,0,0,0_0,0,0,0,0,1,0,0,0,0,0,0_0,0,0,0,0,0,0,1,1,0,0,0_0,0,0,0,0,0,0,0,0,1,0,0_0,0,0,0,0,0,0,0,0,0,0,1_0,0,0,0,0,0,0,0,0,0,0,0_0,0,0,0,0,0,0,0,0,0,0,0_0,0,0,0,0,0,0,0,0,0,0,0_0,0,0,0,0,0,0,0,0,0,0,0",13448
UtBoYtjWJMM3SGpkkoWfaW,140.65,1478001211,1478017336,"iw8nqZr9F2DtWUqVtue9RG,PUADig4tNCtgBdtk7bTzzM,eBU8NR8VMLWxPSpLiaUXDv,mT2YZhJas7PB8dAvU9L6aQ,mR39XHTw2pJofXHbCM74ZS,j3eKtHR9WBm53EEaCMQCiL,PTd6RFbjpECeGehANsVASp,TPxd689aRasG6Ey5UamsEb,nW4ptHm7N9cjUSxSeuTgXH,WsMgxtUny5LW7LBCadDQVz","0,1,1,0,0,1,0,0,1,0_0,0,0,1,1,0,0,0,0,0_0,0,0,0,0,0,0,0,0,1_0,0,0,0,0,0,1,0,0,0_0,0,0,0,0,0,0,1,0,0_0,0,0,0,0,0,0,0,0,0_0,0,0,0,0,0,0,0,0,0_0,0,0,0,0,0,0,0,0,0_0,0,0,0,0,0,0,0,0,0_0,0,0,0,0,0,0,0,0,0",16125
VnGw5dADnEqKZTkoxRA7go,131.34,1477987319,1478001844,"Ts2RybubFfCdf63PKhx7YD,X84CjiB9xPaXPFdL7pCTMY,53DQ9AZaH8bxo3WYaSDDcW,DRzJ8cmQTG82vQnXKkZq4z,AYD6iZXCG7skJuSFxJDhQB,8YETMLbV4iHtDgGaomnGaj,DuDKW9sNBeDGw8giRF3EgQ,BDVDYXJytKNFDK3AVDpGDu,CAt2FUbmci6rThMZaiG2wt","0,1,1,0,0,0,1,0,0_0,0,0,1,1,0,0,0,0_0,0,0,0,0,0,0,1,0_0,0,0,0,0,0,0,0,0_0,0,0,0,0,1,0,0,0_0,0,0,0,0,0,0,0,0_0,0,0,0,0,0,0,0,0_0,0,0,0,0,0,0,0,1_0,0,0,0,0,0,0,0,0",14525
EoNacGytdnaDgx9PgqNvdP,174.23,1478007324,1478024969,"ZBqAUYWHVpmaCHRrKYXvVi,DPtaVm8XFNYkhmgkGsGNyz,EByRYwiPKyB4CaGC74CE2b,JCRo8GiyNzey7fN3X58NTT,iLV2DeyfcoZZNu6Zjk96X9,ZuKfU6HQG8N6jX8cW8AsD3,mQf6fyfMiYypEnt45hkZNR,DxaqAEUVDanYFqnSep4PtL,gV5VwvoNkT7HcgWcoY29WX,48JopstabxkzytXMsVgusp,bJnU5Df7R9VtBoNVrQjZHG","0,1,1,0,0,0,0,0,0,0,0_0,0,0,1,1,0,0,0,0,0,0_0,0,0,0,0,0,0,0,0,0,0_0,0,0,0,0,0,0,0,0,0,0_0,0,0,0,0,1,0,1,1,0,0_0,0,0,0,0,0,1,0,0,0,0_0,0,0,0,0,0,0,0,0,1,1_0,0,0,0,0,0,0,0,0,0,0_0,0,0,0,0,0,0,0,0,0,0_0,0,0,0,0,0,0,0,0,0,0_0,0,0,0,0,0,0,0,0,0,0",17645
XsdYqhopwz2X2STWwEQ2d9,177.98,1477964100,1477979136,"SsXG3pd4PqxWY6k5nf86Wc,RiSfLJj7JnQVhDfrH6y9cz,PVddMWpcEvrHKbmUV9PzHC,GErqTs8ad2fHzPDxjtRXHK,NZFkR58xZHt48GNWVxXrjZ,Ay9MwKtvNjKwsEmEhGShZu,9G7nAR3fV4gLhUc5egtmbT,jizT4Uhvm5FghszfNNxDHt,TeJjtHRjyyosmEGee3Frrm,h9H552mpXZwxMGNphZiRcz","0,1,1,0,0,0,0,0,0,0_0,0,0,0,0,0,1,0,1,0_0,0,0,1,0,0,0,1,0,0_0,0,0,0,1,1,0,0,0,0_0,0,0,0,0,0,0,0,0,0_0,0,0,0,0,0,0,0,0,1_0,0,0,0,0,0,0,0,0,0_0,0,0,0,0,0,0,0,0,0_0,0,0,0,0,0,0,0,0,0_0,0,0,0,0,0,0,0,0,0",15036
RHKvJBMNLVXPwhVijwXzAv,182.12,1477973725,1477990090,"TLf2wWryLoxH3My4gHi7UH,H5d9SomqKNCoQ8Le7ckiEu,gJ73oXTaeZL3wgitxgrn67,ELGG8RXWhj2WuW5NtvwqQn,CpfYHK999MKT4yH2oRT6J4,7ESs4xmz6ihgbK8fZEZwiw,BYAJiPadzrL5bCFc3g57XP,BcetbcYe54hiS4YYFgmbiA,YSJTDjc2p4ugt7mjyK7RxN,KV3TQhG2hBeYqyzHdk5H4W,VLnwfKSDineNrkdwwJMHhw","0,1,0,0,1,0,0,0,0,1,0_0,0,1,1,0,1,0,0,0,0,0_0,0,0,0,0,0,1,0,0,0,0_0,0,0,0,0,0,0,0,0,0,0_0,0,0,0,0,0,0,1,1,0,0_0,0,0,0,0,0,0,0,0,0,0_0,0,0,0,0,0,0,0,0,0,0_0,0,0,0,0,0,0,0,0,0,1_0,0,0,0,0,0,0,0,0,0,0_0,0,0,0,0,0,0,0,0,0,0_0,0,0,0,0,0,0,0,0,0,0",16365
HGEuAueBdHqwe2piswimE5,183.96,1477985556,1478002990,"koSs4GEK8N4uhswnBajr9j,TjTuEwZdUT4tJXPgHXcN4x,T6EZwfj5zW7uZqqqHxue73,YeWe459VzJ567VHiYYLfVg,TC7fmMcPrs4aeSiizQWvZG,8MX9JkKYhX9oCZDao85zZk,mvA4MUngBsToyVPTdnssJE,PCjn8ErWXMbJJkCtYAQd5D,FmoUcrxhvmbMFQVu7ghdPc,7oywohzePFBj7ySvqNyPNb","0,1,0,0,1,0,0,0,0,0_0,0,1,1,0,0,1,0,0,0_0,0,0,0,0,0,0,0,0,0_0,0,0,0,0,0,0,0,1,0_0,0,0,0,0,1,0,0,0,0_0,0,0,0,0,0,0,1,0,0_0,0,0,0,0,0,0,0,0,0_0,0,0,0,0,0,0,0,0,0_0,0,0,0,0,0,0,0,0,1_0,0,0,0,0,0,0,0,0,0",17434
3RYqEehGhCdaAPVHTv5tvQ,142.09,1477992189,1478006895,"34CTaQ7ZsppUCTn6VrBCat,Doi7SasJrLdexgdF355Afi,MEze3rnCUzXQAySCGsZn7s,XAkiyXPTDGJbnu8EAhH666,A84KRZM8BQdGesN84cofQZ,QxdaqVX5S884VKbXFg6Ptj,3QwfKiqAeyanTTs6cwpCig,Nhknqu4jqSS3PYfMefpyp2,46qV6nVqqV743DSX4mkSEb","0,1,1,0,1,0,0,0,0_0,0,0,1,0,0,0,0,0_0,0,0,0,0,0,1,1,1_0,0,0,0,0,1,0,0,0_0,0,0,0,0,0,0,0,0_0,0,0,0,0,0,0,0,0_0,0,0,0,0,0,0,0,0_0,0,0,0,0,0,0,0,0_0,0,0,0,0,0,0,0,0",14706
hX5Z8Vzuv7fVTvcBmQvYEy,194.92,1477957675,1477977014,"GHh7aeaf39XfBBSU4xg2Ne,3B2SjqToTM8rqh4r7AtrC7,Pv4B2928qh8r6bgtQHmLAA,Zni69L5pBKmLK9aUGRyGYn,C5ubi2tBAikRmJrNDmSBVb,ioTzsJoNnm55TkYYQB9ijv,9cUq4kLNEMeUGogokCT2PR,UuMvNoD6md2niV8LB3gAvz,g9qUoksEc2Di4MMBsrYRnt,nJYASzcZhifrfFK5tWtoca,Q9FF6vuSnNDjKKg98xEXsK","0,1,0,1,0,0,1,0,0,0,0_0,0,1,0,0,0,0,0,0,0,0_0,0,0,0,0,0,0,0,0,0,0_0,0,0,0,1,1,0,1,0,0,0_0,0,0,0,0,0,0,0,0,0,0_0,0,0,0,0,0,0,0,0,1,0_0,0,0,0,0,0,0,0,0,0,0_0,0,0,0,0,0,0,0,1,0,0_0,0,0,0,0,0,0,0,0,0,1_0,0,0,0,0,0,0,0,0,0,0_0,0,0,0,0,0,0,0,0,0,0",19339
ZQeNJGN6Zan6jJ3cQPRTXv,159.33,1477999699,1478015457,"2ZgLF4Nbnsh3aQosb8rY8x,nAoRiDWgR5UFN8YU7cyPfF,DrNoaWSQXkdqdAr9yndhZf,SKrm9oTvDxhJQozJC3taeh,G3VAZ7jxK5sFShbFEjmaku,5Pn3kiygDzjvx2iCsNbU65,fqzYdwRcYSjfdb5AZqB8W4,njJK2geVRRDRfPdUT3C9rd,ZVqEFJdWK2fHfP9Ex4WskS,h94XMaWizKyDQCbUKyFADC,a977HDjioDQjdv2yFxVf5Z","0,1,0,0,0,1,0,0,0,0,0_0,0,1,1,0,0,0,0,0,0,0_0,0,0,0,0,0,0,1,1,0,0_0,0,0,0,1,0,0,0,0,0,0_0,0,0,0,0,0,0,0,0,0,0_0,0,0,0,0,0,1,0,0,0,0_0,0,0,0,0,0,0,0,0,1,0_0,0,0,0,0,0,0,0,0,0,0_0,0,0,0,0,0,0,0,0,0,0_0,0,0,0,0,0,0,0,0,0,1_0,0,0,0,0,0,0,0,0,0,0",15758
J3EVCWVGqoWAojJdvCsJUV,161.49,1477951543,1477964872,"DEhAos3WDfyATTYiX3yVBf,jR9k8pckNApcuxVUQQykxR,jBFJhjc6zUruBeaTwqTspo,a5Gs7FB54w7xxnAM2gUhLo,E3NRSTzS7Dxz7RyvX5T8qN,Gi356BNxzxnzRvpJRWxign,Vh4fszX9SkBDKZ8d8oJsjy,4usUUJBXmAmoAxhSaoLYqD,ZcKPyRaBNz5gYfaq92uQwb,nR5DKAr3fKNv2vCiarR43Z,MHiLWA2VbTqEBZV4MRzVLs,CjyKt7e6ZYPuQnvHNQ4aa4","0,1,1,0,0,0,1,0,0,0,0,0_0,0,0,0,0,0,0,0,0,0,0,0_0,0,0,1,1,0,0,0,1,0,0,0_0,0,0,0,0,1,0,1,0,0,0,0_0,0,0,0,0,0,0,0,0,0,0,1_0,0,0,0,0,0,0,0,0,0,0,0_0,0,0,0,0,0,0,0,0,0,1,0_0,0,0,0,0,0,0,0,0,0,0,0_0,0,0,0,0,0,0,0,0,1,0,0_0,0,0,0,0,0,0,0,0,0,0,0_0,0,0,0,0,0,0,0,0,0,0,0_0,0,0,0,0,0,0,0,0,0,0,0",13329
BE5NDhR9WM47mpqyK4J28K,153.67,1477932137,1477946111,"cLgBF4aeHpQJycum2AyhMC,U77nN55j9SMJrSwronvurR,SFMmF2iYL4JaKwH95FuBAu,CTcF8FafC2DDWmzVUrbPxj,WGr6TQitYfrmTiirG5snmD,PAnqJ9tG6H3HafgoLZBo84,9eGycsmPLqMSU4YSgjGUgL,aJbXSi74qJfC9N2xKbcuLK,8RagXwTdzQV9GmqkMsM5Wc,QMH7yEX8DHNg3RbbJjWM4Q,grAxdgp9wKmdQNGsPEEmno,6Ys6PNpYxGCGHkLSY344Nw","0,1,0,0,0,0,0,0,0,0,0,0_0,0,1,0,0,1,0,0,0,0,0,0_0,0,0,1,1,0,1,0,0,0,0,0_0,0,0,0,0,0,0,0,0,0,1,0_0,0,0,0,0,0,0,0,0,0,0,0_0,0,0,0,0,0,0,0,0,0,0,0_0,0,0,0,0,0,0,1,0,0,0,0_0,0,0,0,0,0,0,0,1,1,0,0_0,0,0,0,0,0,0,0,0,0,0,0_0,0,0,0,0,0,0,0,0,0,0,1_0,0,0,0,0,0,0,0,0,0,0,0_0,0,0,0,0,0,0,0,0,0,0,0",13974
dQ6U4vSDX5fKByigCWvAWn,228.19,1477980933,1478005726,"TH4LPZcue9oLa5cTfUUJTK,M2USyZfR3LVp3oEF42T6hj,YKJwMU5CoFRLBGJzp7TujH,eEKPvxo6WpVQ9ekmXm72KE,frA2tP9pKj2hbQKo6c46Tt,NqCQ4hytuaRADLcdCmgMHp,kLqujpkXoTaaMZV87EciFR,GBPprFxUNcWAQkFTckwnte,mvBJ2L3Jvxy2YNdzLqPRkT,hbDenftdaXbckLM5XUXXUj,9NtzvLu9rYtUi75SdwAyyG,hPpi8UEdyYPFzRNtgUTYVG","0,1,0,1,1,1,0,1,0,0,0,1_0,0,1,0,0,0,0,0,0,0,0,0_0,0,0,0,0,0,0,0,1,0,0,0_0,0,0,0,0,0,1,0,0,0,0,0_0,0,0,0,0,0,0,0,0,0,0,0_0,0,0,0,0,0,0,0,0,0,0,0_0,0,0,0,0,0,0,0,0,0,0,0_0,0,0,0,0,0,0,0,0,0,0,0_0,0,0,0,0,0,0,0,0,1,1,0_0,0,0,0,0,0,0,0,0,0,0,0_0,0,0,0,0,0,0,0,0,0,0,0_0,0,0,0,0,0,0,0,0,0,0,0",24793
47ARyuv7c9ekN7yUjuQMA3,180.40,1477957448,1477972935,"SeFPsdZx2Jj9P44h5kBfgA,Yn5KU7XK8NL93ZYKEwSVNB,M7865HdLTrxCyuMjTBdcTh,2AVPfepujeFJfdD4n8VCKh,KhG5btsQXRQDxuxvevjyrQ,9yWH7AjoEzhDHBvZRDdPAN,kwYBTthfBvcsaaSahc8zxP,PzSXFBrDBJyNKsYbUb9xa2,4uggcHEyzv8S7afn77MYok,Auz7LuvX5z9JEZQiZqY9vb","0,1,0,0,0,1,1,0,0,1_0,0,1,0,0,0,0,1,0,0_0,0,0,1,1,0,0,0,0,0_0,0,0,0,0,0,0,0,0,0_0,0,0,0,0,0,0,0,0,0_0,0,0,0,0,0,0,0,0,0_0,0,0,0,0,0,0,0,1,0_0,0,0,0,0,0,0,0,0,0_0,0,0,0,0,0,0,0,0,0_0,0,0,0,0,0,0,0,0,0",15487
EDMAocogWuE9LS8mSWffdS,149.72,1477988948,1478006102,"8P8vMuxEWai8sCX3Kcocxe,QiYg99G7TXoncCnk6hfQvR,ikDJt9ZSBLCPTtzGwHiwe5,8CWBrmzmSEdEapoHkFpbVP,cDsEBfToVitjW2aWbZtkZX,mc8MZvzKACjJ3RYsrH2ap3,Urh9e4QjaiZ8Z85LWyd8gt,ah9g7o5nUreGvVbmURecEH,cUGExAXSdahzovowcq5yKm,DNM3JqxVmJAFmqwEuQBawU,hBwV5Q4oAyPqd5WzCuPFRa","0,1,0,0,0,0,0,1,0,0,0_0,0,1,0,0,0,0,0,0,1,0_0,0,0,1,0,0,0,0,0,0,0_0,0,0,0,1,0,0,0,1,0,0_0,0,0,0,0,1,1,0,0,0,0_0,0,0,0,0,0,0,0,0,0,0_0,0,0,0,0,0,0,0,0,0,0_0,0,0,0,0,0,0,0,0,0,0_0,0,0,0,0,0,0,0,0,0,0_0,0,0,0,0,0,0,0,0,0,1_0,0,0,0,0,0,0,0,0,0,0",17154
UXC5QkC36DodjKPYHmLoEL,142.51,1477986077,1477999569,"J96txscAgTQ3jWXNQcHmJ9,8pkSD5LpLT3iZ7RV4B2iUk,hsg8PvvezyuJnrxyG5yjpd,SHamx2QgBEP8Xqcb2L2ocg,fgmPfdxmzVACovjHEzDfNU,fH6qxffzscnKrsAskFWmx9,5Xm5VoTAwgM6nksCQLEiFx,RkSZ6BtvEv2kXnzf8W6ytN,gs5cVCjkTHDhx47b7kqRHF,HVukmz8L5jXxMh23jNrngb","0,1,0,0,0,0,0,0,1,0_0,0,1,1,0,0,0,0,0,0_0,0,0,0,0,1,1,1,0,0_0,0,0,0,1,0,0,0,0,0_0,0,0,0,0,0,0,0,0,0_0,0,0,0,0,0,0,0,0,0_0,0,0,0,0,0,0,0,0,0_0,0,0,0,0,0,0,0,0,0_0,0,0,0,0,0,0,0,0,1_0,0,0,0,0,0,0,0,0,0",13492
BZ5uZFsKm2kEHQhNFzsZkq,175.54,1477981810,1478001896,"CNFToLcAJLZWyzzejTRN89,fnpQtyPqPQvDZu8AJyTxKX,B9ypdNcQJWN44QostEU5J8,H5YGKsjXoPo3W9WZRQbHk5,fNGV93zcu8hoxckEGLwdCg,hYEodJvSB3zD6b3gAdJsZj,4GnRor6VZ6QXEDwB8YLqo7,BSoULszXGBLKrodfywyEnf,A2jdxLwCqfAkcFrMiwqUyA","0,1,1,1,0,0,0,0,0_0,0,0,0,0,0,1,0,0_0,0,0,0,1,1,0,1,0_0,0,0,0,0,0,0,0,0_0,0,0,0,0,0,0,0,0_0,0,0,0,0,0,0,0,0_0,0,0,0,0,0,0,0,0_0,0,0,0,0,0,0,0,1_0,0,0,0,0,0,0,0,0",20086
eUzzCSE6mE9LBaapvgsVQi,184.08,1477995418,1478011551,"N2d7XhzLsPEZZwmA5NgAcJ,6JyfBHET9mBpyVVVYGnY5u,KEmEuESX3JKa5HPUYeyFYx,e3BLwNUC7gHyM3wrMaybRE,QdvhzuLvYXT3R6TyjBtUZQ,noNqYhU3HLpPbuTCW5ThHi,L66UsJWCrvQnDd34ygKzZS,6E2cdLyfwkfRyczou5rmAf,fLvFJzXtZQnQkTAyPbqvge","0,1,0,1,1,0,0,1,0_0,0,1,0,0,0,1,0,0_0,0,0,0,0,1,0,0,1_0,0,0,0,0,0,0,0,0_0,0,0,0,0,0,0,0,0_0,0,0,0,0,0,0,0,0_0,0,0,0,0,0,0,0,0_0,0,0,0,0,0,0,0,0_0,0,0,0,0,0,0,0,0",16133
EKX2tdHmU8d8TBJ6uVYfvL,208.54,1477983562,1478002817,"7FjU7Y4vMGvkexzY6DrNrB,HmCFr8gawDNHDnx2vybE5V,9QCAi7PFgBYbsPtjuJsa9D,8WAnAez2ok2BC3rR77MCxd,ARXPhMG36hS9JqoEtAYedQ,WdAruzpGCZkb6DSXD2oGgY,Dm7aXEzjno7eGvAZPCGYcW,BDCagPY6uCLgZEWuUrZPBB,5NTYsJDoe48YCxR39L478R,FUqch7bDSfu2ZtXo4d22pp,fMumJudLaJ9miWzrTQhKUU,mPa8vbjKX2htqBx8HfSnR3","0,1,1,1,0,0,0,0,1,0,0,0_0,0,0,0,0,0,0,0,0,0,0,0_0,0,0,0,1,0,1,0,0,0,1,0_0,0,0,0,0,0,0,0,0,0,0,0_0,0,0,0,0,1,0,0,0,0,0,0_0,0,0,0,0,0,0,0,0,0,0,1_0,0,0,0,0,0,0,1,0,1,0,0_0,0,0,0,0,0,0,0,0,0,0,0_0,0,0,0,0,0,0,0,0,0,0,0_0,0,0,0,0,0,0,0,0,0,0,0_0,0,0,0,0,0,0,0,0,0,0,0_0,0,0,0,0,0,0,0,0,0,0,0",19255
NTm5uD2gVaCnfYSkWo2egP,164.17,1477980195,1477995054,"iG2b3mBbLvpgzS5xPVaCJZ,AqgE7aBEgmL868wv3hDSFR,dN6FnJEK4fS9YyJWuaKDr7,9MtGC9ZrQcVfcgkFzx3Mt4,Y9GHEVKWxj3E9bBBFCx2wf,2QgN3NVduAbNBNSfRHSVyz,mJQQ92oUHncvp8Dg3fYiPG,5kWF74bWbXE499dFVQy9Mo,HdcV2VNy7mmSmETYhANu4F,5xjYRbHALJ6eAAa79r3igz,FgqoFcv6DvgP34PSpNE4kK","0,1,1,0,1,0,0,0,0,0,0_0,0,0,0,0,0,0,1,0,0,0_0,0,0,1,0,1,0,0,1,0,0_0,0,0,0,0,0,0,0,0,1,1_0,0,0,0,0,0,0,0,0,0,0_0,0,0,0,0,0,1,0,0,0,0_0,0,0,0,0,0,0,0,0,0,0_0,0,0,0,0,0,0,0,0,0,0_0,0,0,0,0,0,0,0,0,0,0_0,0,0,0,0,0,0,0,0,0,0_0,0,0,0,0,0,0,0,0,0,0",14859
dtKX2RKJCw2dUMfqHBxZcj,116.01,1477974709,1477986133,"H25vgXiTeGUimBoLC7G5sd,NsMwY7NSFnrRshmWFgupXp,kxkSRg8Pe3A52VCXJ32bNh,hCVPAyrBF7MEFqEFEeWUaz,4TKWRdZMgEfx5QDFPjySGr,HgdgBgZ5uBbqtbGE3T2HtZ,Q7KSJVgJR9WXLwdZW8rJFZ,7ZQjQEgBiUWcFymXAasQEr,V5HcDtwTLRthf3QnbLPW3J","0,1,1,0,0,1,0,0,0_0,0,0,1,1,0,0,0,0_0,0,0,0,0,0,0,0,0_0,0,0,0,0,0,1,0,0_0,0,0,0,0,0,0,0,0_0,0,0,0,0,0,0,0,0_0,0,0,0,0,0,0,1,0_0,0,0,0,0,0,0,0,1_0,0,0,0,0,0,0,0,0",11424
CGi7UWiPQh3dBzPxr5A2cG,135.40,1477994776,1478006140,"Pv74UxE2iyLDpqVgsRSED3,d77wQ9Ufu5vEx4zDw7VvkM,aXHRq2oUEqroEuvyNte9CP,eDx7ziVn7DgBSLttQfbuAC,fKmjEy2QNdERDBYjhXne8B,iQ5auRvbp662XeU2tAmti2,6XDBkBmRP83j4Yk7oHvPMw,Vw82Lr84pdr2PQ54JL33Sw,hSFus8dpSNJHvs7TfhwbZN","0,1,1,0,1,0,0,0,0_0,0,0,0,0,0,0,0,0_0,0,0,1,0,0,0,1,0_0,0,0,0,0,1,0,0,0_0,0,0,0,0,0,1,0,0_0,0,0,0,0,0,0,0,1_0,0,0,0,0,0,0,0,0_0,0,0,0,0,0,0,0,0_0,0,0,0,0,0,0,0,0",11364
WoPkjhzZZsXeD3c7FZmmpQ,192.76,1478006379,1478021747,"6ARyL3aKtNcBA58gKe3sVA,Y4uUuyCoq8mtANTcUDozLL,ebacFKx2kuZ8A28tems5de,XKWTuSwCgDJCzvMq5HYinv,LdU3FDn47MqZuTUzrQJKy2,coZBBhPK8cSo25gSkv8gKM,g6NaWv6JDyNhiewRr3iYah,aHX8cpVUBMRT4AE65SScD3,QL2HkfyUx857jYp3mMM6yQ,Bwbik4HHtPkUmMb2EaT7Xa","0,1,0,1,0,1,0,1,0,0_0,0,1,0,1,0,0,0,0,0_0,0,0,0,0,0,0,0,0,0_0,0,0,0,0,0,0,0,0,1_0,0,0,0,0,0,1,0,0,0_0,0,0,0,0,0,0,0,0,0_0,0,0,0,0,0,0,0,1,0_0,0,0,0,0,0,0,0,0,0_0,0,0,0,0,0,0,0,0,0_0,0,0,0,0,0,0,0,0,0",15368
Ytv8gT7PFMcKAayhtUKXVi,163.74,1477982376,1477995406,"kdLDBDMpYz3ZbAqsAEnsA7,YKoceHJe8xUqMQVkYcrYUc,kegJ6WsKFNRioLuGbLQLUT,gJomJftFX3w6kAHjtfzXdK,atzjSU5DeWC3HSXU8NQzsv,PgfXTZrdHxodjPUKy47bGf,ftJt6mEvDYaGCUtW6VCJqT,aRDSTLtymLUaiMrjexGPPB,LJLMMXSF2cidtbq57w5YFS","0,1,1,1,0,0,0,0,0_0,0,0,0,1,0,0,1,0_0,0,0,0,0,0,0,0,1_0,0,0,0,0,1,0,0,0_0,0,0,0,0,0,1,0,0_0,0,0,0,0,0,0,0,0_0,0,0,0,0,0,0,0,0_0,0,0,0,0,0,0,0,0_0,0,0,0,0,0,0,0,0",13030
BXrcaYN4Y28xScujH3nVed,144.40,1478006121,1478021078,"JeWQDBLBZoHhRQZToG6uGW,JzhTomaZYxoh6r3sN2YDbY,ZyxN3YqGQbCrX9ahpW66z2,eAegZTzf3udgT3WYqjmnFG,Wsjq6ompwdJR6Uxdsh24hB,Pmo6ces9VTZSBrpFYDATbc,fwfzKsLHrSEHfpxkcEsPM7,Z9tWhhW6cD5mtj9WR9pDGg,j4LXLDiNR5anupenktgsFG,UCi9QWHQrXkfuYhrFPc7TL,PApnksqd4ZqCmnk7gResZV","0,1,1,0,0,1,0,0,0,0,0_0,0,0,1,0,0,0,0,1,0,0_0,0,0,0,0,0,0,0,0,0,0_0,0,0,0,1,0,0,0,0,0,0_0,0,0,0,0,0,1,1,0,0,0_0,0,0,0,0,0,0,0,0,0,0_0,0,0,0,0,0,0,0,0,0,1_0,0,0,0,0,0,0,0,0,1,0_0,0,0,0,0,0,0,0,0,0,0_0,0,0,0,0,0,0,0,0,0,0_0,0,0,0,0,0,0,0,0,0,0",14957
gLnvSkbdMvRcCDwtveqPAY,187.59,1477997186,1478015418,"PMVn8zxxnLvJQZjHHFzHDq,2ktmZYcpjzsoMc4VedgnvB,DaQwsjVjMpfaQsbxpAFxCr,PhuEDuBE9twiFo5wPBCEUL,XbArewtZKgbAvFFUE4eBTh,kJhyFaBfTqPQutQzX8PnFE,2tCiZAz7jxgzDpaSBSaUYf,DAbsNS2j2TCmJPtJnoNPDN,CCM9UC2AanL9NDvMMd6cxG,njgAzDGqaqwm7LGgzcUnjh","0,1,1,0,0,0,0,1,1,0_0,0,0,0,0,0,0,0,0,0_0,0,0,1,0,1,0,0,0,0_0,0,0,0,1,0,1,0,0,1_0,0,0,0,0,0,0,0,0,0_0,0,0,0,0,0,0,0,0,0_0,0,0,0,0,0,0,0,0,0_0,0,0,0,0,0,0,0,0,0_0,0,0,0,0,0,0,0,0,0_0,0,0,0,0,0,0,0,0,0",18232
o4cxNTuYMVK4DceARxvFQ7,147.75,1477985666,1477999035,"iGheqfo2LJphePDZDZCi7L,GPiBj9s6jKcJ7JB3L65WFT,TRoHAxiGpxwsVTWpSdyVoW,ATyS5Sj9rTdsugnDdLQhqM,mfAEGmiTc7iTZFJSYcjF79,3qqcXcMpL2uxcqA7Y3k3aZ,B5Nbr6jnb5ae9UjpSqJbsa,4g9p2unM6zesKNV2mgqYm5,YfDmniR3YDyjfvTBQeV5qg,gC3c4pztZvkBh2S9BrkaPs","0,1,1,0,0,0,0,0,0,0_0,0,0,1,0,1,1,1,0,0_0,0,0,0,1,0,0,0,1,0_0,0,0,0,0,0,0,0,0,1_0,0,0,0,0,0,0,0,0,0_0,0,0,0,0,0,0,0,0,0_0,0,0,0,0,0,0,0,0,0_0,0,0,0,0,0,0,0,0,0_0,0,0,0,0,0,0,0,0,0_0,0,0,0,0,0,0,0,0,0",13369
LJJNSBjCnVaE3im6uP6zLs,140.49,1477996457,1478007859,"4yqLMwHzi2BE6XNo9Nd7R9,RPxSQ5yJjTEyi6P7DT6rYg,TNVuAXSHZigWaqYVL6wHz9,KN5AGT8M2UVP37k4SVuEB2,aK7doiccLBdzTNXAT7yQLG,2e4xuEnATbvRThfkvN4kAm,ADw6hvykhKR6o4M67ajqqA,GUNdrndyhnpvTJitBSfdF9,QntDBZnEexZnwFrSXKsJVF","0,1,1,0,1,0,0,1,0_0,0,0,0,0,0,0,0,1_0,0,0,1,0,1,0,0,0_0,0,0,0,0,0,0,0,0_0,0,0,0,0,0,0,0,0_0,0,0,0,0,0,1,0,0_0,0,0,0,0,0,0,0,0_0,0,0,0,0,0,0,0,0_0,0,0,0,0,0,0,0,0",11402
5TtZRXygSGDnSyXLqNSnxo,170.85,1477973460,1477988666,"G6JRHJYdHyEADv2FAMWXMu,FNMos6bwzSuWaDrd3p36VH,nUKQ6kUo4WRksCdw6Bf6bA,JtNja8QuQjyAbePJPghCsb,mon4V3eSYhpz7iqhg2HRut,bN6vASX9Q7fGmezXRPfGEV,NY86ThUdTP63DG9PqgHinK,fgLSgaArw6Mha8SCFe2S3V,DEE3m5pvDb2KuUWcCypxs3,4sVD2qhbCin4CU4SQ2Wobu,LKksmbMoCMwQ9iuHmP9uYt","0,1,1,1,0,0,0,0,0,0,0_0,0,0,0,0,0,1,0,0,0,0_0,0,0,0,1,0,0,0,1,0,0_0,0,0,0,0,0,0,0,0,0,0_0,0,0,0,0,1,0,0,0,0,0_0,0,0,0,0,0,0,1,0,0,1_0,0,0,0,0,0,0,0,0,0,0_0,0,0,0,0,0,0,0,0,1,0_0,0,0,0,0,0,0,0,0,0,0_0,0,0,0,0,0,0,0,0,0,0_0,0,0,0,0,0,0,0,0,0,0",15206
ZLs5C7udRCKVQsSjnQBkk5,129.19,1477968863,1477980524,"T2tXngGs8qHBXMtgYAm4Ty,MdpmcCEywkxgtHam6hF3U6,YcLyiRoAgAQLAVku2uvjAo,JJR3ddwpphXUKhNoQWaL2J,9syuuxUpHHv9nVJp43e4bc,PQGE89NzzvDyuwCQLPhpL5,jpqFtkXm3Mi2MpKB5D6PUt,YFSoPA2vi2t6KYnUHy8Gzc,kLLVKHtmhgv9TDZigNyxyt,NsPajmHXEaZV7s57WtLmvZ","0,1,0,1,1,0,0,1,0,0_0,0,1,0,0,0,0,0,0,0_0,0,0,0,0,0,0,0,0,0_0,0,0,0,0,1,1,0,0,0_0,0,0,0,0,0,0,0,0,0_0,0,0,0,0,0,0,0,0,0_0,0,0,0,0,0,0,0,0,0_0,0,0,0,0,0,0,0,1,1_0,0,0,0,0,0,0,0,0,0_0,0,0,0,0,0,0,0,0,0",11661
9d4CXrca7MC8UWquzBqfMr,217.39,1477965281,1477981313,"Db33Dhe5GJFSToxBW4io5h,MwamaWoAiBUNjBXRaXS2f9,Q7gzYT7XywrMkxwTYwWfy2,eAbdCVGqJEJw67MyUjZDN8,KtgwxVdBtJF759FrALhEhX,9QkJzCL4UYAbXqXAtrZwqE,WyrXFpfmW6KrfWhLNs6YFj,b8YrJ2jzeqa6tTprdLquVj,Tq2hACuejq57vscS87Q9W8,XeSiUvGnTKyU3ZJRWvg9MT","0,1,1,0,0,0,0,0,0,0_0,0,0,0,0,1,0,0,0,1_0,0,0,1,1,0,1,0,0,0_0,0,0,0,0,0,0,0,0,0_0,0,0,0,0,0,0,0,1,0_0,0,0,0,0,0,0,1,0,0_0,0,0,0,0,0,0,0,0,0_0,0,0,0,0,0,0,0,0,0_0,0,0,0,0,0,0,0,0,0_0,0,0,0,0,0,0,0,0,0",16032
572TPLacVU73sbDsSv2eXu,188.91,1478006173,1478025721,"9iBmFr7D9va5SM3ALiTLhj,47c2oYghPQDgKt8p4EfGnw,PFhPvYsGheS7rGLd4X5ybi,C3Wkz4DQWQ2kPVXwcmxdWj,3M6wAJR5wHhxyKbujMBs3A,nLZ4F4m4PKZNsvuyzZqDtP,8Pg7uosM8MsgV8ppFCQhug,CuUXZUj3KcXAtAvHyRQuk5,H54r6PeoaroJMTAdEeKhce,XaPCBW679rqRWaLUqKqdMh","0,1,1,0,0,0,0,0,0,0_0,0,0,0,0,0,0,0,0,0_0,0,0,1,0,0,0,0,0,0_0,0,0,0,1,0,0,0,1,0_0,0,0,0,0,1,0,0,0,0_0,0,0,0,0,0,1,0,0,0_0,0,0,0,0,0,0,1,0,1_0,0,0,0,0,0,0,0,0,0_0,0,0,0,0,0,0,0,0,0_0,0,0,0,0,0,0,0,0,0",19548
VPCdJXWU7kpLD8WeqbrTuY,142.79,1477987576,1478002194,"kzKoHPsxHb5g92jPDJYzvr,9jYjX9jZMhcyn9korwQHgU,jLiRLpisyfHQm43qPXTnu8,k8HrFsk7DMWLhScuDHp8Uc,oLjij782koF3oenWm953NH,CcbaWEXdWA3MwwBuSrcbkm,YpCcmQq3J6CeipdP4QbarA,YQMs9E9B7T2A6fm7C985aU,cCSnCNEu4Cx38xhqdkkRSC","0,1,0,0,1,0,0,1,1_0,0,1,1,0,0,0,0,0_0,0,0,0,0,1,0,0,0_0,0,0,0,0,0,0,0,0_0,0,0,0,0,0,1,0,0_0,0,0,0,0,0,0,0,0_0,0,0,0,0,0,0,0,0_0,0,0,0,0,0,0,0,0_0,0,0,0,0,0,0,0,0",14618
Ao3jfDui6GntZvJMUWeryD,143.88,1477985479,1478001605,"Jhq2mFBaa6i3ZiLd4K9VyD,Q6Zoz6TubKMvrGSxLPVCYx,5KY5Z7N3XrLdhZyp6CVpD3,HyJSooT39e3BoQmGBbco3m,McPRePnq7kDGFziMMbfX4A,WpWBX7q8vKeDEB7DnFrUZL,F5hwMcv43A5KxGUM7rFEE9,jBxn8w83NrBs75X88W6SLT,XuupACGA7U7FqL683nHC4F,BAoan2fJqNGaKEvp5YbUSu","0,1,1,0,0,1,0,0,0,0_0,0,0,1,0,0,0,0,0,0_0,0,0,0,1,0,1,0,0,0_0,0,0,0,0,0,0,1,0,1_0,0,0,0,0,0,0,0,1,0_0,0,0,0,0,0,0,0,0,0_0,0,0,0,0,0,0,0,0,0_0,0,0,0,0,0,0,0,0,0_0,0,0,0,0,0,0,0,0,0_0,0,0,0,0,0,0,0,0,0",16126
ZL7XrjTywzTA7EVamVM3gF,189.31,1477994117,1478011967,"CiJV7jkXsHo8PRzWfkbYrC,9cu5De8dict54c53uA74gN,cahBZkXFSkTmasvyyhiMhH,NToo4YvaaZbNAAcimfGWSx,EcuzLMvqKpLuyvvHMNjeiq,JRTfz5UBCDMrD9wk8SfrNu,8nAJ9MADabbrPfBgRcM7nX,8gXdorAnD4RPr6Kh9gLZgQ,az3kJ326HXEwxFE4AffAEE,3o2VhKexaERkJw8vAeajXC,miuQuj3rkrVLb6qkDhDeeW","0,1,1,1,0,0,0,0,0,0,0_0,0,0,0,0,0,0,0,0,0,0_0,0,0,0,1,0,0,0,0,0,0_0,0,0,0,0,0,0,1,0,0,1_0,0,0,0,0,1,1,0,0,1,0_0,0,0,0,0,0,0,0,1,0,0_0,0,0,0,0,0,0,0,0,0,0_0,0,0,0,0,0,0,0,0,0,0_0,0,0,0,0,0,0,0,0,0,0_0,0,0,0,0,0,0,0,0,0,0_0,0,0,0,0,0,0,0,0,0,0",17850
U34y4zWBawPH6xtUXo2v5o,205.21,1478006388,1478024386,"hngRZcUuShLeSf7SwgcHhv,gDMDjt7eqpFRtuEfDSe7cy,L72SspMPrxEuCygWDURBxm,RCAZ99z7Jvv86S2yuS5bY5,3v5mGMqAXmZgXwtZqyY77C,P7CeEfwSDrpttXzDKdqsVs,D6Qi9Caou79PwXJGxCbb4K,f3Jxe789CsHspWhrs3QsC8,ewLSaASRJ6nrT7ysUYHG2n,bax36amM6z2hfGVWs7cjAj,2mqtNmchmotejJ9mT3mgWY","0,1,1,1,0,0,0,0,0,0,0_0,0,0,0,0,1,0,0,0,1,0_0,0,0,0,1,0,0,0,1,0,0_0,0,0,0,0,0,1,0,0,0,0_0,0,0,0,0,0,0,0,0,0,0_0,0,0,0,0,0,0,0,0,0,0_0,0,0,0,0,0,0,1,0,0,0_0,0,0,0,0,0,0,0,0,0,0_0,0,0,0,0,0,0,0,0,0,1_0,0,0,0,0,0,0,0,0,0,0_0,0,0,0,0,0,0,0,0,0,0",17998
Yo3S6pyw9H827MtDLi7ZTv,117.92,1477984632,1477996528,"h5Q9WfPk8dP7PZgaM4CTH2,dUwrMmTjVMQYrtEaPo4EeD,i5ahph2UiV5G3t5Hx7hr2a,dj2b9NtsChMip9kyUKogiN,XwPShdc7HsPyGWT3agZjYh,DHcdS7D9AKSBvsZZU9MjJH,XuTg8QayuKj4wmCdcuEgh2,UpvSbgVL33hR7ApkyXd2uK,f2uwasNVQopGyknRGTA4ND,64jB946bxSLjUd3grqtiiS","0,1,1,0,0,0,1,0,0,0_0,0,0,1,0,1,0,0,0,0_0,0,0,0,1,0,0,0,0,0_0,0,0,0,0,0,0,0,0,0_0,0,0,0,0,0,0,1,1,0_0,0,0,0,0,0,0,0,0,0_0,0,0,0,0,0,0,0,0,1_0,0,0,0,0,0,0,0,0,0_0,0,0,0,0,0,0,0,0,0_0,0,0,0,0,0,0,0,0,0",11896
Mifhd45hU2RWgN9eGeMoMM,142.09,1478009504,1478024450,"9UGGSesHH6K9z8Rw2Efdas,NtM6rkPB6FwrvNzc8Kgyiz,gLMJF97aWi5ABqCJyCTG4m,GsHzj68UrFYF2zqtoq77EZ,9wHzH9PK8sSgctjV382wWA,WyQTtfx8jMtyF4Taiwfc2u,kBqkRLBGbJQPysph7Ne5GP,giLrQUh9f2eqzGiQWriRtC,ehZ4Fi9TRshyUozi2c2Arn,hh3C7TaQxMPg9MdBWDnhxx,LLczMrDkiqzTV9ufRPwJ2D","0,1,0,1,0,0,0,0,1,0,0_0,0,1,0,1,0,1,1,0,0,0_0,0,0,0,0,0,0,0,0,0,0_0,0,0,0,0,1,0,0,0,0,0_0,0,0,0,0,0,0,0,0,0,0_0,0,0,0,0,0,0,0,0,1,0_0,0,0,0,0,0,0,0,0,0,0_0,0,0,0,0,0,0,0,0,0,0_0,0,0,0,0,0,0,0,0,0,1_0,0,0,0,0,0,0,0,0,0,0_0,0,0,0,0,0,0,0,0,0,0",14946
LAnzhqTsJEaQLCZUtQ9yz8,145.57,1477983225,1477995189,"QXkTBnWXFTyb25iYk8YgUi,ikfZAGwut5rCGx9RJfnEyL,QmzFKFkCMKqRCjiTNqi3Yw,7BJVNLEDoBf2nDYbXAX73U,AHEeiPwYMDFxVWDJyL3f3a,Ti6SSN6KFjrdZQzxLg3aHZ,ZB75x6fmLfSFsbcrjzEYMw,32LvoAvHXgVz5g3PaT6hvk,AVWQCJh9wEraKPg8kKLVNP","0,1,1,0,0,0,0,0,0_0,0,0,1,0,0,0,0,1_0,0,0,0,0,0,0,0,0_0,0,0,0,1,1,1,0,0_0,0,0,0,0,0,0,0,0_0,0,0,0,0,0,0,1,0_0,0,0,0,0,0,0,0,0_0,0,0,0,0,0,0,0,0_0,0,0,0,0,0,0,0,0",11964
UYk4NrG9qHjYFtCbfu6yXY,118.57,1477937904,1477950625,"GDfhbTKJJo3sK9t6F8kn4u,DhAgV8gGDeJF3wCfY9CrAx,JUCTHmsmFfUq8SZSJWaVTK,69cRXt2zb4rgjuv448fq5L,J3CxkUshdFnArR4X3VdVez,i8cPbip4BQu4NLMbyxxevo,HEEMcWBAaieSHELy9rhgDi,9BcvEjFC4zhek86bKU9tCj,A6oZCefhrqYcBNTFxJxMmq,2ktt9EpYzK9XSWietHJD7p","0,1,0,0,0,0,0,0,0,0_0,0,1,1,1,0,0,1,0,0_0,0,0,0,0,0,1,0,0,0_0,0,0,0,0,1,0,0,1,0_0,0,0,0,0,0,0,0,0,1_0,0,0,0,0,0,0,0,0,0_0,0,0,0,0,0,0,0,0,0_0,0,0,0,0,0,0,0,0,0_0,0,0,0,0,0,0,0,0,0_0,0,0,0,0,0,0,0,0,0",12721
PYBfapjny4phwz2ws6xWwJ,170.60,1477963384,1477976570,"mgqbViHdPcDAgX38dzxHJ8,3HGGfN8gKh73WC8ggHfBSj,cympm4MtqsxY46tZAbTGAw,RZjQayfF5uNeg2vUJ2qbDX,aRmNMYyR3ntTMopBcgthWh,2zqUG2Cye4dNmd4u2WqMnW,86yWJpiCHL2P9jfWKX2xXy,3mnoeP33aKR57u4PsFAq8p,4ZTMLXp3yXeAdm785x334W,Tt88NjKJPMkzH5khrPEBQb","0,1,1,0,0,1,1,0,0,0_0,0,0,0,0,0,0,1,0,0_0,0,0,1,1,0,0,0,0,0_0,0,0,0,0,0,0,0,1,0_0,0,0,0,0,0,0,0,0,0_0,0,0,0,0,0,0,0,0,1_0,0,0,0,0,0,0,0,0,0_0,0,0,0,0,0,0,0,0,0_0,0,0,0,0,0,0,0,0,0_0,0,0,0,0,0,0,0,0,0",13186
bgZRrhiC225EYcfuUQsidg,123.97,1478004025,1478018273,"8DEFsTM9EBU4nS5HvzpnnG,oVbyVXtg46TLJqgPP5299H,7dzvGcdhEyxnZWKGknX7RY,53kUDLrPQT6Xvy6Zmzqoxt,MyrZDTpfRF8qPmrVS77cxN,MqauL6DKaCXyor3CNVSstC,dab6dzFv7fG6XTkuLXdcV4,nw2JRVja5ZhhvdAQ3hSaj7,hdq3MHiH3eFKN6YAX4yUXY,VSpQQ6vGrUnTGQRrpZLnet","0,1,1,0,0,0,1,0,1,1_0,0,0,1,1,0,0,0,0,0_0,0,0,0,0,0,0,0,0,0_0,0,0,0,0,1,0,0,0,0_0,0,0,0,0,0,0,0,0,0_0,0,0,0,0,0,0,1,0,0_0,0,0,0,0,0,0,0,0,0_0,0,0,0,0,0,0,0,0,0_0,0,0,0,0,0,0,0,0,0_0,0,0,0,0,0,0,0,0,0",14248
2XETMd3ARWsDMEXocxMYYs,128.28,1477962160,1477973661,"hN5Ajv9WVVamC9sLKtVqaT,hgNqqfT3AcKKGpVrEAZmKW,KwAUvmhZQjpuGBhgewj6oL,gNgbuwqboFQ9zfM5pykh7s,33rCTtQe3ADkg4mwFLF7ki,NJqqSpyeLDDWTumMadD7J3,7Rnaa54fcEjFp8siNcSCZk,TysQDpPhwijiUqh8unNhhy,Btsin9BWsMyGKDhsAuvXbh","0,1,0,0,1,0,1,1,0_0,0,1,1,0,1,0,0,0_0,0,0,0,0,0,0,0,0_0,0,0,0,0,0,0,0,0_0,0,0,0,0,0,0,0,0_0,0,0,0,0,0,0,0,1_0,0,0,0,0,0,0,0,0_0,0,0,0,0,0,0,0,0_0,0,0,0,0,0,0,0,0",11501
U3Jx4S9sucinBWrbomNoFy,100.14,1477975592,1477986378,"WmFXa2vWerUgH2aCi3k7tP,dEuV4um8MwyhCbyT2CvS9N,9q77Sop2qrVJbeu8ZPeDSF,ncXLU3J7DYgXaHhTzMZsac,i3aGokiSKoTMWvupYDdK8t,7pXwREuvgGH8vurTCXViaL,GtCVLFJEQ8UexqiCVv4BiX,TqdNEapRQ2WjVP3MoTKCwc,gMU8UF2hoReWCqeCUxkeok","0,1,0,0,1,1,0,0,0_0,0,1,0,0,0,0,0,0_0,0,0,1,0,0,0,0,0_0,0,0,0,0,0,0,0,0_0,0,0,0,0,0,1,0,0_0,0,0,0,0,0,0,0,0_0,0,0,0,0,0,0,1,1_0,0,0,0,0,0,0,0,0_0,0,0,0,0,0,0,0,0",10786
j37NvP9YmDD9dtkNRDjDbG,160.81,1477958099,1477973799,"NnGZE26V3jSgGhVsTRXACB,ZPhzSxQmxWJmid5f7ED96c,Kg6ivptYcnzzoxVcdYDr7V,DtKZK2yTZuorqvwCdEg3He,MeN5t3GARzsQQEXXf3sYk5,bdN9ik5PTg9YcAf7LtYdMZ,MmuhnpPCCKJpLEuHLvriqU,X7cLYu27Ba9ZqE4yPWVgar,3awfJYmaK8gQBj5gb3aphi,MTEEJMJ8VmkQ6vjNxXwPui,JnHjfbVy2SDY2LTbdzxYm3","0,1,1,0,0,1,0,1,0,0,0_0,0,0,0,0,0,0,0,0,0,0_0,0,0,1,1,0,0,0,1,0,0_0,0,0,0,0,0,0,0,0,0,0_0,0,0,0,0,0,1,0,0,1,0_0,0,0,0,0,0,0,0,0,0,0_0,0,0,0,0,0,0,0,0,0,0_0,0,0,0,0,0,0,0,0,0,0_0,0,0,0,0,0,0,0,0,0,1_0,0,0,0,0,0,0,0,0,0,0_0,0,0,0,0,0,0,0,0,0,0",15700
74DETHUmuzZGWXKZwitGdG,177.36,1477934251,1477948825,"6hUyWq9umysPnVtgD4CbUk,d3MTJag3dzgmEYg79Sm4se,9qu45K34XnGCDNkZPrPgig,CWNpUtPNHpEDa5ZKi6dUXw,4dxUZhpycgbto5xAkQyiE9,Q8k4RRQdtsPMoMgkhiv88e,UszncChctYLEUquRzH8UyZ,mGGnSNgJ7dn2Hk6pNmpoVo,XuaKW254fTJbAcR2p33uk4","0,1,1,1,0,0,0,0,0_0,0,0,0,0,1,0,0,0_0,0,0,0,1,0,0,1,0_0,0,0,0,0,0,0,0,0_0,0,0,0,0,0,0,0,0_0,0,0,0,0,0,1,0,0_0,0,0,0,0,0,0,0,0_0,0,0,0,0,0,0,0,1_0,0,0,0,0,0,0,0,0",14574
Gj4PrtTbBMgHze6NYaavQV,144.20,1477930520,1477944268,"Q6LStR9zCToCF35RfkwGPF,Nc9xkJvkWp2RTNHoN2Gsxo,A3ByUksTjZUb87WXpcJF4J,h2UZ6QF526qCRJiwFGEjV5,4mvQ8FYK3ezv7kmh8xedHS,atcChskpd3P5mBwZQXqPGA,UkfjVJH2P4R4qRXZD6e9dX,QQL6bqjDq9NGuv8NJtiajA,CxRE38KnwLWnvhTSJxyrFa,UNnmgibi5KtJp3A4dxfUtL,8dA4KLW32vMKSrxoc3oNNB,9PvMX6qiZPN8uYX7T4hvco","0,1,1,0,0,1,0,0,0,1,1,0_0,0,0,0,1,0,0,0,0,0,0,1_0,0,0,1,0,0,1,1,0,0,0,0_0,0,0,0,0,0,0,0,0,0,0,0_0,0,0,0,0,0,0,0,0,0,0,0_0,0,0,0,0,0,0,0,0,0,0,0_0,0,0,0,0,0,0,0,0,0,0,0_0,0,0,0,0,0,0,0,1,0,0,0_0,0,0,0,0,0,0,0,0,0,0,0_0,0,0,0,0,0,0,0,0,0,0,0_0,0,0,0,0,0,0,0,0,0,0,0_0,0,0,0,0,0,0,0,0,0,0,0",13748
4aYVrnLPrhjG26xYcq285P,213.28,1477995974,1478012977,"frx4R7o6PZ9m2LNj8h2xcV,dc5U3qqQijTDziRK2rvbkc,F6fXCZoUaRtEL3nm53t3Wa,6Bs4XfiCVEfKZWSGVf2Ync,XEqHXnG4rGcvNNi9PNxAF7,gyDnocKXN3AsJ4ZgHLbUqg,Ws4EuMTHiayRDQPu32XXPx,jZEboBjDnqdubJwfwxCQsg,oJxh8NBzFSQNbwVkkeznYa,CyjJRqjSMNvhGU9wfUTLcz,XPeJgaAqxJA5LN6QfqtPoU","0,1,1,0,0,0,0,1,0,0,0_0,0,0,0,1,0,0,0,0,0,0_0,0,0,1,0,0,1,0,0,0,0_0,0,0,0,0,0,0,0,0,0,0_0,0,0,0,0,1,0,0,0,0,0_0,0,0,0,0,0,0,0,0,1,0_0,0,0,0,0,0,0,0,0,0,0_0,0,0,0,0,0,0,0,1,0,0_0,0,0,0,0,0,0,0,0,0,0_0,0,0,0,0,0,0,0,0,0,1_0,0,0,0,0,0,0,0,0,0,0",17003
CdCLHotLZi8fCNoPmfzwBE,128.07,1478006951,1478018269,"ksjro36TESpxuqYAA3pvsN,APqbWT5bvRZA6rz9KVNczY,FSDgQuxyMByxvLSGkqHNAE,A9KkWQ5vZurioSZrVnMgBc,jtsLMyTvsaKAsuJP8AgB9k,jqVPxK3Jzv89dsJfPbu7oG,SZyoTju6CB7zEcrJzkVnsm,Ex2iW8WpU7JDiSa4jKudpQ,5njfWdWvdQMPFNZi7aVUNo","0,1,1,1,0,0,0,0,1_0,0,0,0,1,0,0,0,0_0,0,0,0,0,0,0,0,0_0,0,0,0,0,1,0,0,0_0,0,0,0,0,0,0,0,0_0,0,0,0,0,0,1,1,0_0,0,0,0,0,0,0,0,0_0,0,0,0,0,0,0,0,0_0,0,0,0,0,0,0,0,0",11318
PMLsDBGMVNEDcE9JJP8yyL,164.84,1477975777,1477991162,"HM2SPtbTGhGZoHZtmPryb7,AfrtugUAwCY2zJw3rZNqRj,fFAbfWHvme3WNeEXjA8SZq,bxn5kk8YqnrSPqWKEtJtVP,XGGgzQoKXdUekwZdvikhLr,hnegKE3Rs3PfZbeZ438rb7,aSpHJzpdGTv4EbLmmX6YDD,nUeAKDg4UxYyQgyfijZjx8,NSkaZM2epmxqwL25ovGJiT,ZBFLAgYWpB4mX6BPyJGZrJ,RfYyPbTtxGX2dCQn6AQeE7","0,1,0,1,0,0,0,0,0,0,0_0,0,1,0,1,1,0,0,0,0,0_0,0,0,0,0,0,1,0,0,0,0_0,0,0,0,0,0,0,0,1,0,1_0,0,0,0,0,0,0,1,0,0,0_0,0,0,0,0,0,0,0,0,0,0_0,0,0,0,0,0,0,0,0,0,0_0,0,0,0,0,0,0,0,0,1,0_0,0,0,0,0,0,0,0,0,0,0_0,0,0,0,0,0,0,0,0,0,0_0,0,0,0,0,0,0,0,0,0,0",15385
ifgi3zxAACoob86g7Mrsc5,144.59,1477991027,1478004587,"R4fdHLr6t3f6FhG2DLowKw,Puw3tpgac9usPRr6b4e9Ap,Bg2KGH2HVLJNeB2V4NH7yv,gzNMBHebuQF9TsuUAwubZM,Uy9iQ5EEY75zoc3YFKSorh,j7XZSnexPSKYtdBZnGupuG,UX7kG27ERgfV6zyWZTjACL,F5b4CM3cbgyaWypT7EJpf2,eyAPqDzTxGDVgGCACzttek,hKdYVjtanVqDeLezvtmqX9","0,1,1,0,0,0,0,0,0,0_0,0,0,1,0,0,0,0,0,0_0,0,0,0,1,0,1,0,0,0_0,0,0,0,0,0,0,0,1,0_0,0,0,0,0,1,0,1,0,0_0,0,0,0,0,0,0,0,0,1_0,0,0,0,0,0,0,0,0,0_0,0,0,0,0,0,0,0,0,0_0,0,0,0,0,0,0,0,0,0_0,0,0,0,0,0,0,0,0,0",13560
UVPR4oswXUkArgYTQmB4XH,149.58,1477977874,1477991904,"AfvpMEAuFzUdncGJVdoapv,Mjz7u8x4u9XygJVDxGQfqK,MeSzPPMdrU26xGK6NXuMp5,VbMV6MdRECVujwHUKZ9TiU,BfxCQWAW5TeURt8NoTWWZY,BwKEuQfos9d78NxpqvNEb8,JXfVvha3FHSABSPp68ESv2,VHfuSDKmzTQA2ngfW3B8nr,Bhr6Qy6FfJkLscNQXMf8Uv","0,1,1,0,0,0,1,1,0_0,0,0,0,1,0,0,0,0_0,0,0,1,0,1,0,0,0_0,0,0,0,0,0,0,0,0_0,0,0,0,0,0,0,0,0_0,0,0,0,0,0,0,0,0_0,0,0,0,0,0,0,0,0_0,0,0,0,0,0,0,0,1_0,0,0,0,0,0,0,0,0",14030
HKhoFh7NqNW5SqqYn8HXDa,180.60,1477995571,1478011200,"YncwVwQ7regDTJET2Jk2bx,RETN2DehVLmgBPuvaMEnJ3,VhVLpmWxgVWi6aZ3KfYm83,MmYef6Nv9Mfn4SqiM7B9q9,LCLj47nzXHVKMMFDrjK5Jb,49JsFWD72XiiNRL4K9EYyU,fUrCY2RNsSHtTjXASjgW89,fGsSfxhPaCCR7svTojANao,h9nWuux2rasfZaCWjwuPHG,Cw3odf7k9RVZMRi2kMamj8","0,1,0,0,0,0,0,0,0,0_0,0,1,1,0,0,1,1,0,1_0,0,0,0,0,1,0,0,0,0_0,0,0,0,1,0,0,0,0,0_0,0,0,0,0,0,0,0,0,0_0,0,0,0,0,0,0,0,1,0_0,0,0,0,0,0,0,0,0,0_0,0,0,0,0,0,0,0,0,0_0,0,0,0,0,0,0,0,0,0_0,0,0,0,0,0,0,0,0,0",15629
7kX3Lt3DvvQBVBpP59j9Cy,193.01,1477934371,1477950911,"Y6hGiJbsMAvKEesy6rHKvJ,gwW9wvD7kzVKMQC2HWNPbV,g3ExQfegy9L2GwWKQndX8g,dixpY6WfeW876Ajz3q3j98,QtGggbwrgH4zPZGLozZLTK,N7cH6DbUPUcLoy7LQudmSP,QfVMSUzMGonFe554mP438L,gCtHDymVtJdPenuoRVSJEP,AceRBMda8eAhUbDFNPgbD2,kiFB8aDPCXUy6cTxHxFbQD,LRKUxSjyMnJdfQj7AemWWt,iABQyRHGp73tTJ46UseL9z","0,1,0,0,0,0,1,0,0,1,0,1_0,0,1,1,0,0,0,0,0,0,0,0_0,0,0,0,1,0,0,0,0,0,0,0_0,0,0,0,0,1,0,0,0,0,1,0_0,0,0,0,0,0,0,0,0,0,0,0_0,0,0,0,0,0,0,1,0,0,0,0_0,0,0,0,0,0,0,0,1,0,0,0_0,0,0,0,0,0,0,0,0,0,0,0_0,0,0,0,0,0,0,0,0,0,0,0_0,0,0,0,0,0,0,0,0,0,0,0_0,0,0,0,0,0,0,0,0,0,0,0_0,0,0,0,0,0,0,0,0,0,0,0",16540
NQJk4AXYVWsSeEB9CSMr6a,120.90,1477996852,1478008008,"iKF2EzBiTav2HUX2BvS9yx,4NAkxiwavkhaC2yXeXqJAB,RWgLgpn8u7HGvRonSwGhUJ,Z7k2LNAZt6BpMLe3HSjFir,nUrYRf8oKp5qKF3AR9qTKp,RZUMiQU8kqtJXfsamMT4KS,frooPCoswLDrgsf7y69s6R,5Vm7U2eqyatmbYM6KyBJVn,oGTPKbHJPymorcMU9axxKT","0,1,1,0,0,1,0,0,0_0,0,0,0,1,0,0,0,0_0,0,0,1,0,0,0,0,0_0,0,0,0,0,0,1,0,1_0,0,0,0,0,0,0,0,0_0,0,0,0,0,0,0,0,0_0,0,0,0,0,0,0,1,0_0,0,0,0,0,0,0,0,0_0,0,0,0,0,0,0,0,0",11156
CUnbGdxqKL44eQmn4XDMrD,209.70,1477965627,1477985886,"gj9EPhimwbws3xtBoUazJg,Uk9pCUJ27bYGErgYgZZyn2,j8BbeEYiH96Gpw8ALdY6i5,HvDUWzinRfgMjcaBsMXxuf,Jk5GJtzfaZX9vBgTB94xfB,a8keLThh2gCRrFehc4Sy3b,PB45wzWVEzbzq3rCS7SgPw,A8moQ7VXzZftju58dcS5NP,gQB4avDuyzMxrDPoE6TxZe,ANoR2mK5pL3iYHQtGi49qQ,LvupZt3dEiTqxiLzbujEie,CzAxYZ9VMm7tyMrMVSajvq","0,1,1,1,1,0,0,0,0,0,0,0_0,0,0,0,0,0,0,1,1,0,0,0_0,0,0,0,0,0,0,0,0,0,0,0_0,0,0,0,0,1,1,0,0,1,0,0_0,0,0,0,0,0,0,0,0,0,1,0_0,0,0,0,0,0,0,0,0,0,0,0_0,0,0,0,0,0,0,0,0,0,0,0_0,0,0,0,0,0,0,0,0,0,0,0_0,0,0,0,0,0,0,0,0,0,0,0_0,0,0,0,0,0,0,0,0,0,0,0_0,0,0,0,0,0,0,0,0,0,0,1_0,0,0,0,0,0,0,0,0,0,0,0",20259
54Cib86cQYW6xVJGBYQYN4,187.06,1477968858,1477985604,"ZmaTrdhLP5gdLNmmfwA2xP,gnBecPooz9Vj5Vzqu5SoyJ,VusTgX23SgnPEnCWkY4VXQ,NsawK62PtKZFczeuJzzd7m,K7NKC3eR63hwTWStSx5v7T,mchkaY6sksk6qB5ipT8Mus,PK46mLBLZGdvWzSiL9aAzo,i7GX9DSR8Dcde2V8YxjVbQ,VcTV9EjKsv2dgACYLoqzS8,Nvb9MvmddymycnGATzk7HW,DAEKWP2HmpmNqxYPj8BNAx","0,1,0,0,1,0,0,0,0,0,0_0,0,1,1,0,0,0,0,1,1,0_0,0,0,0,0,0,0,0,0,0,0_0,0,0,0,0,0,1,0,0,0,0_0,0,0,0,0,1,0,0,0,0,0_0,0,0,0,0,0,0,0,0,0,0_0,0,0,0,0,0,0,1,0,0,1_0,0,0,0,0,0,0,0,0,0,0_0,0,0,0,0,0,0,0,0,0,0_0,0,0,0,0,0,0,0,0,0,0_0,0,0,0,0,0,0,0,0,0,0",16746
9evLQH9AWVgJQvLqFToewA,144.70,1478006976,1478018738,"BgLctjfUUfYbuYf8QsqEkC,dDJCqZ59coky6YkozQECPm,jebUUUDefUqe7Bw9vGfivj,9SnUw2LiYxv6HAXWXZLT6k,9BsKgWVsy8MsE77UmfSBZN,RhdCNpVdUdiih7G8Dr7uoE,CCywA5dymxGN62uJNFrxgw,nEnAYH82HQ3FDz3xbzAn6P,TcCr5Tn4cKZqkwF333bq2h,RfvSDSRwG6pC8zr8MmVR2Y,UsZhjMCy2FkRaF6V2pegg5,kXFsGGtd7eTyGtWcjz9LUd","0,1,0,0,1,0,0,0,0,0,1,0_0,0,1,1,0,0,0,0,0,0,0,0_0,0,0,0,0,0,1,0,0,0,0,0_0,0,0,0,0,1,0,0,1,1,0,0_0,0,0,0,0,0,0,1,0,0,0,1_0,0,0,0,0,0,0,0,0,0,0,0_0,0,0,0,0,0,0,0,0,0,0,0_0,0,0,0,0,0,0,0,0,0,0,0_0,0,0,0,0,0,0,0,0,0,0,0_0,0,0,0,0,0,0,0,0,0,0,0_0,0,0,0,0,0,0,0,0,0,0,0_0,0,0,0,0,0,0,0,0,0,0,0",11762
ZoQLA4k2srVfsuYJrNw7HT,152.06,1477979133,1477993731,"f4tSwJEcgdRNAujYhnzyaY,kNd66dU7D3ANJxKLGpQ7qo,W5DQJAYoUDdrFQVGSNhQEe,ftDZoKcgJus4cJxLtjkrYX,AWh9K5p3CvXZdk4njDaAu2,4fuaUoRT9szAaFLcYf9PTy,AfQBMguQvJdSRBrtV8qLE6,5wwj3JNTJvnGEPuXCdRG3z,Vip2QK9W8SzSsyL6CjT7g4,WX9qm22U36o43XvGbkDSnq","0,1,1,0,0,1,0,0,1,0_0,0,0,1,0,0,1,0,0,0_0,0,0,0,0,0,0,0,0,0_0,0,0,0,1,0,0,1,0,0_0,0,0,0,0,0,0,0,0,0_0,0,0,0,0,0,0,0,0,1_0,0,0,0,0,0,0,0,0,0_0,0,0,0,0,0,0,0,0,0_0,0,0,0,0,0,0,0,0,0_0,0,0,0,0,0,0,0,0,0",14598
LduSwrj4citmadkUu8n4bA,171.35,1477964364,1477979312,"c3BKeWZwxZBGxzjmf6GMk6,MNiRSxkJAThWqzpvMnGTsP,Fu9pCtQHtgzLMztZdCXMCH,oQZBhV9t7toKXMErMPuGzF,9SJqkUpWC8CeZhJZmQ9rBL,9tHBEgARfkUdfiJ7UZrs8n,ZB7DnmYddgkZMk9C9cWi4c,E3en8P9uVsNoUHYnaz9WNb,apWdhbhW5JFDydZDqRHP6D,WL86nNNFhF4qNBmwQVTNgV","0,1,0,1,1,0,1,0,0,1_0,0,1,0,0,0,0,0,0,0_0,0,0,0,0,1,0,0,0,0_0,0,0,0,0,0,0,0,1,0_0,0,0,0,0,0,0,0,0,0_0,0,0,0,0,0,0,0,0,0_0,0,0,0,0,0,0,1,0,0_0,0,0,0,0,0,0,0,0,0_0,0,0,0,0,0,0,0,0,0_0,0,0,0,0,0,0,0,0,0",14948
C5V8H5RWGE8jDKhhEYvuJj,186.54,1477938060,1477953257,"MS9t55ia3Cz6rUbKMMT5iV,chSpFtYyVDJDxXzJRmf5Zq,9f8UFeouj4rr93sFkGzXm9,DiP2o7a69TCXgF9HttG5xZ,fq57oiXtZHPZxtLT8wxVAu,WruqP4mAtjedbneSTp3eR2,2wQ3oCQtm3M7EoAaxdNGNM,KhfzVDhG9KdQp2f9aKpBMu,a4JSjzWvLvJJZY24CsqK22,3rEEzLGMiYDboNrLbAiTU7,K8XAgED6CiV9uyPUSkSsm4","0,1,0,0,0,0,0,0,0,0,0_0,0,1,0,0,1,0,0,1,0,0_0,0,0,1,1,0,1,1,0,0,0_0,0,0,0,0,0,0,0,0,0,1_0,0,0,0,0,0,0,0,0,0,0_0,0,0,0,0,0,0,0,0,0,0_0,0,0,0,0,0,0,0,0,1,0_0,0,0,0,0,0,0,0,0,0,0_0,0,0,0,0,0,0,0,0,0,0_0,0,0,0,0,0,0,0,0,0,0_0,0,0,0,0,0,0,0,0,0,0",15197
TeRkwJcksTN77NZhYuemEG,191.37,1477936697,1477951658,"Zgf7DA6ek99aH74UFxCKyD,F8mt6pDLy8fpCfWJ2Aez9v,TGkzh5yu5DYjLMNkMugbkh,kiKcCuHuHBf244gqrodnWB,B4CDSrwtceXZvvXe9bXZay,ZN8B77RpSLwaRceQqRSUtC,8fy4tf4KjWnUsJLtEsUdbe,LrXCMhnBNXfZh5pYT5e2iW,BW6s2ch9qHAGM35bUz7qYn","0,1,1,0,0,0,0,0,0_0,0,0,1,1,0,0,0,1_0,0,0,0,0,1,0,1,0_0,0,0,0,0,0,0,0,0_0,0,0,0,0,0,0,0,0_0,0,0,0,0,0,1,0,0_0,0,0,0,0,0,0,0,0_0,0,0,0,0,0,0,0,0_0,0,0,0,0,0,0,0,0",14961
LXD76WUshhgRMRDvEpJMz3,127.93,1477934159,1477944312,"mfyijtEbL8WYvJYAxBrXru,GyBxfFV8SN8APYtKx4VxKc,TrD2RJyMaYWVpFxEXLwoFp,nqDFpnx4ZPov3ZSPNgmGGp,gPbtZ5yvp5yZu5z2GJ9NaV,h76WNT6RtE9qvzeUALvdsR,AfctDYwUCLiQ9sizjEBvRY,aebnZJByLPvGS2UGpZv9QJ,LhyX8PsKT3TWsDik3Thxgd","0,1,1,1,0,1,0,0,0_0,0,0,0,0,0,0,0,0_0,0,0,0,1,0,0,0,0_0,0,0,0,0,0,0,0,0_0,0,0,0,0,0,1,0,1_0,0,0,0,0,0,0,0,0_0,0,0,0,0,0,0,1,0_0,0,0,0,0,0,0,0,0_0,0,0,0,0,0,0,0,0",10153
oPBWHTJtSWsLZLR59h5qXi,185.90,1478000950,1478018643,"Eejef8X6ZmhU9xphBnco4d,ioVLptCeKxA7zkcsoUyoME,U4cDSLuHbc9J8DSDNMePai,oHRmcrap3XSPoymn3bJgC6,btNjkuarApQ3pmbtquVE4f,n4tv8SMuugeEHyoczPydLq,bZHzyjPRS9NyLMFxAukKyF,dZXA3pNo6dXApZMGxESbxi,YusyiQZXTv3qFcrvQabNGe,XEpG8jxrBKzFfxyAKuPFMG,mebD4ytPZW8zkubpmJUVrA","0,1,1,0,0,0,0,0,0,0,0_0,0,0,1,0,0,0,0,0,1,0_0,0,0,0,0,1,0,0,0,0,0_0,0,0,0,1,0,0,0,1,0,0_0,0,0,0,0,0,0,0,0,0,0_0,0,0,0,0,0,1,1,0,0,0_0,0,0,0,0,0,0,0,0,0,1_0,0,0,0,0,0,0,0,0,0,0_0,0,0,0,0,0,0,0,0,0,0_0,0,0,0,0,0,0,0,0,0,0_0,0,0,0,0,0,0,0,0,0,0",17693
fwz4fJ4P246wZpCYN77AFr,186.55,1477992437,1478011069,"ExUpmpvH6sccEHCkxS8mov,VpdkVHiftpXZHj8NpBvzbA,aVoXuLpKBqYicCmHgAqE8M,5Gz5WkWYSv8CgtwQFAEgHq,DMcJ7dKDQQ82wHHcVkLK6k,gb7SVXEmqWxLMY9pbtMKan,2RJ26mXgnoK96zqCk8VJqn,K5PQefYydqUvF4bRVTrzL2,R3DWjgFdx2R7eURSojWE47,iA9bd3QdtHSKFkAxyZfyHQ","0,1,1,0,1,0,0,0,0,1_0,0,0,0,0,0,0,0,0,0_0,0,0,1,0,0,0,0,0,0_0,0,0,0,0,0,1,0,0,0_0,0,0,0,0,1,0,0,0,0_0,0,0,0,0,0,0,0,0,0_0,0,0,0,0,0,0,1,1,0_0,0,0,0,0,0,0,0,0,0_0,0,0,0,0,0,0,0,0,0_0,0,0,0,0,0,0,0,0,0",18632
ToMVqT4dfNhC2EsXJZdBvq,182.89,1478012360,1478030491,"koEUSjSHfSruzNktdJogWy,S98GkP5n6JGfi9LNa3gnXc,jBHWxLAFrzFygKcrQWxD4i,4ZnGYndMFkejHfZLPWzsAF,gYy4qmYVGogmQLETvPUdi7,SCsgqR5fuLsWaLb2X87EAH,GTpANHNMSowW2gD6ZqSV5R,dbz72ZehqNZLAUi3EZRmNL,HXVgrkKf5Xs9pqh2KgryZS,beMkwwqAXe2yxKhKD2BfzN,SwRzD3xjNBHeY4NmTuuRde,HDBgWrkyuXxiD4qyjv8zZj","0,1,1,1,0,0,1,0,0,0,0,0_0,0,0,0,0,1,0,0,0,0,0,0_0,0,0,0,1,0,0,0,0,0,0,0_0,0,0,0,0,0,0,0,1,0,0,0_0,0,0,0,0,0,0,1,0,0,0,0_0,0,0,0,0,0,0,0,0,0,0,0_0,0,0,0,0,0,0,0,0,0,0,0_0,0,0,0,0,0,0,0,0,0,0,0_0,0,0,0,0,0,0,0,0,1,0,1_0,0,0,0,0,0,0,0,0,0,1,0_0,0,0,0,0,0,0,0,0,0,0,0_0,0,0,0,0,0,0,0,0,0,0,0",18131
YANgEfU3QWuhrFtvTiYG2n,130.49,1477991375,1478004450,"dvAupe84NHnVumiTXiRcoC,aNxhCGYff2nDMR3ZnFDC8J,TfsC9JtptW7XpzRV4RiYGo,PAvrvMjRpE7XKnhf3rm49a,izM5Jha8waxaZdPcENzzBn,ELHAytkSdmEL2ECuifEXo3,7JmaguttwQzHYyMJ63B3pH,cJDLQ6cExBdF8vETfbNpQV,i2wQPLL68qKa7LnM92i2rD,T9iQyGqz4x9VDExF8S5zYg","0,1,1,0,0,0,0,0,0,0_0,0,0,1,1,0,0,0,0,0_0,0,0,0,0,1,0,0,0,0_0,0,0,0,0,0,1,0,1,0_0,0,0,0,0,0,0,1,0,1_0,0,0,0,0,0,0,0,0,0_0,0,0,0,0,0,0,0,0,0_0,0,0,0,0,0,0,0,0,0_0,0,0,0,0,0,0,0,0,0_0,0,0,0,0,0,0,0,0,0",13075
T7ZHzFH9psY29H7zZB89SK,168.65,1477983251,1477999203,"oUCcqHBV7YA8iQGJFDKwpY,ghhRSyeKMXoaVUNc7eT5tb,A4S7hnNcuyhZYyGKGtgjcN,SSvK8SYJQ9NrGmZxMGUwTX,33FJ7gRz6rdkNFds7k3SYq,Dc2q6uQpBnRGzRaqPWGacE,j7ot2yAz4wHJGxsxDsmXMv,HvWT5j8zFSQAWdLoBFx9EY,FH89FzDUc7n2ceSfAegXig,7ZvCiBv56EummwWDmFu6Kt,i6J7H3aqPd6UGRVUuRR8gX","0,1,1,0,0,0,1,0,1,0,0_0,0,0,1,0,0,0,0,0,0,0_0,0,0,0,0,0,0,0,0,0,0_0,0,0,0,1,0,0,0,0,0,0_0,0,0,0,0,1,0,0,0,0,0_0,0,0,0,0,0,0,0,0,0,0_0,0,0,0,0,0,0,1,0,0,1_0,0,0,0,0,0,0,0,0,1,0_0,0,0,0,0,0,0,0,0,0,0_0,0,0,0,0,0,0,0,0,0,0_0,0,0,0,0,0,0,0,0,0,0",15952
KqrUvXDYwYuXdoidBpW4qq,167.89,1477965715,1477980979,"hUaXwGVRo6GAtKtgPWhWjm,BMSdYWHiRf7mwbyUzxJCM8,2vgYhbd44tYSk7sut684rW,CuFayC8U5HCdB5HHo76bGj,JMQ7ZLJnxtKE222ikVr4t9,FFcW8oVPTbFQuzRVhS2JHg,aKnz7isa5zh6WbcEcbnR29,hjLQLcmF8DnSVDgCSZn5Ba,a4Wxgq5oZSUqP6Zi4pRo5t","0,1,1,1,0,1,0,0,1_0,0,0,0,1,0,0,0,0_0,0,0,0,0,0,1,0,0_0,0,0,0,0,0,0,1,0_0,0,0,0,0,0,0,0,0_0,0,0,0,0,0,0,0,0_0,0,0,0,0,0,0,0,0_0,0,0,0,0,0,0,0,0_0,0,0,0,0,0,0,0,0",15264
26eFxjPPqtnsuvHhv2yLqB,184.37,1477978623,1477994260,"JMGSiqtLSJoRU8ZgtnTSUa,4Hv9nkgxU9cTUr5gzdf8uo,6aqeQD6zHPPDMQXv5c7eMa,faLn6LWjF2Qro2U6vJZ7kj,WQ6FW7yTj4GEJvqCDrXrne,3AyANEoNNyA6dkxmVFfAYv,TBqiNB4QF8EVrM6twMESvB,Yzg69ir2EjDCAeh4mBss4M,eMmNUCBde3teAohYohFsuU,5eYUiLV3TyJD47pjZ2mgNE,DTGX8Lhjxp3cFSXAcKEtgK,fyevyS3nCtQnBnnV58jEZM","0,1,1,1,0,0,0,0,0,0,0,0_0,0,0,0,0,0,0,0,1,0,0,0_0,0,0,0,1,0,0,0,0,1,0,0_0,0,0,0,0,0,0,0,0,0,1,0_0,0,0,0,0,1,0,0,0,0,0,0_0,0,0,0,0,0,1,1,0,0,0,0_0,0,0,0,0,0,0,0,0,0,0,0_0,0,0,0,0,0,0,0,0,0,0,0_0,0,0,0,0,0,0,0,0,0,0,0_0,0,0,0,0,0,0,0,0,0,0,0_0,0,0,0,0,0,0,0,0,0,0,1_0,0,0,0,0,0,0,0,0,0,0,0",15637
nTZUGu3kVV9KhNzjLws3k5,127.57,1478002572,1478018269,"2ynchZ2MGUCuHrFgzZCyYG,EK86psKW2RL74GMT6BberY,iUGwsbzsXUweLsnFiYpGUA,3mNChBLVgwH6JSSMm6Wz9g,kdEAwquvsDdwCMPG3QH3Gy,TmZGHcCkoSMtxVzUhGeys2,4xyzdTTDCA3AExhEHzkp5F,BPNepmZ3bUdGdLTVxNnPdy,9r5VFfah938xUGrxwVYmLo,BtKQTthUxkvG5aBZufGYoN","0,1,1,0,0,0,1,0,0,0_0,0,0,1,0,0,0,1,0,0_0,0,0,0,1,0,0,0,0,0_0,0,0,0,0,0,0,0,0,0_0,0,0,0,0,1,0,0,1,0_0,0,0,0,0,0,0,0,0,0_0,0,0,0,0,0,0,0,0,0_0,0,0,0,0,0,0,0,0,0_0,0,0,0,0,0,0,0,0,1_0,0,0,0,0,0,0,0,0,0",15697
TqLTtVEJD8eHVM6cVV5jpV,120.14,1478000151,1478012795,"TvSyq2Jbfh4he55LHARxym,4c7rNPDDD7pAzj8dWQeEZ9,4LwicZFZdhcaRCutXqTpM2,V3pxdGr7L9vweTQPM6PmBU,9zVYZethC8Q4GeiRUzB5CY,HbBo7hhQVm2VyPUyoGJSq5,D8wuYqK2iD7FcKNTqWyCBR,iqfUnnS6Vkiv7onNT9nuYv,afJsbXqKh9q7wG7y3XP46S","0,1,1,0,1,0,0,0,0_0,0,0,1,0,0,0,0,0_0,0,0,0,0,0,0,0,1_0,0,0,0,0,0,0,0,0_0,0,0,0,0,1,0,1,0_0,0,0,0,0,0,1,0,0_0,0,0,0,0,0,0,0,0_0,0,0,0,0,0,0,0,0_0,0,0,0,0,0,0,0,0",12644
UvesbXetszB7iRromnXgMM,162.07,1477963128,1477981901,"H7uaq7tjGoFP9xXLmQCjm8,deeg9CKdkhKb94CUyj3qwT,YUcLq9tyFyfwnjHWFGMi5c,5nbUodXYT3TyWjeVdV4mys,ZKbF5XRRoHrTjKu2goC5Rv,YeQfPrsvXH2rsBHcgypUGL,7eQUBeZtD6Ubh246s3sYLF,moKg93VnH7QfFUhqxQqP3V,W6wkhywefAiFCbQTBF2MLg","0,1,1,1,0,0,0,0,0_0,0,0,0,0,0,0,0,0_0,0,0,0,1,0,0,0,1_0,0,0,0,0,0,1,0,0_0,0,0,0,0,1,0,1,0_0,0,0,0,0,0,0,0,0_0,0,0,0,0,0,0,0,0_0,0,0,0,0,0,0,0,0_0,0,0,0,0,0,0,0,0",18773
iQvuwGRTaVXNNa2eNNNMUt,119.06,1478001847,1478015650,"n78FC88ixaGfjZXWi5fwWC,XfxJiaZ7KfqVX9VC7WQ2A8,JrwKJPEuBG83rmjDJQD6YP,X9eQ5roNLKXD5agswTt6jv,QgLsPXM7QQT6KdDNrUD2YF,5T5vykTCszkFtnLTtW6fdM,P3ySaE9kKdUtgMfkKVe4wx,HzzXX7DDqE6EfRsTqxUjjC,QsufMiov8zzHmbSZZX8nmp","0,1,0,1,0,0,0,0,0_0,0,1,0,1,0,0,0,1_0,0,0,0,0,1,1,0,0_0,0,0,0,0,0,0,0,0_0,0,0,0,0,0,0,1,0_0,0,0,0,0,0,0,0,0_0,0,0,0,0,0,0,0,0_0,0,0,0,0,0,0,0,0_0,0,0,0,0,0,0,0,0",13803
CSqnKmwvG5ggFPYuXRCMEV,197.32,1478013213,1478031821,"L32yLG5D4VWQTWjaHw5frM,CVSV35yMqCHPzGZNaBPaeX,GaCFbwZSaGxS3A6yFfwxUV,KTEFfVA6QuR2XdXNLpmDyH,RgBTZ7TfuNebD34CrpwQZX,mdBNNbPgqGnZJq6YipcgrG,jqxtQJ9URwkN5WpbgtosLm,2gLceWZZDGiuabqHnixJBZ,VTGK57nCdhUFbKhXuAMsgp,YDHneVHwhnSufxyQyLb8PR,EW6t7c6FBC78McJpMZAuwS","0,1,0,0,0,1,0,0,0,0,0_0,0,1,1,0,0,0,0,1,0,0_0,0,0,0,0,0,0,0,0,0,0_0,0,0,0,1,0,0,0,0,0,0_0,0,0,0,0,0,1,1,0,0,0_0,0,0,0,0,0,0,0,0,1,0_0,0,0,0,0,0,0,0,0,0,0_0,0,0,0,0,0,0,0,0,0,0_0,0,0,0,0,0,0,0,0,0,1_0,0,0,0,0,0,0,0,0,0,0_0,0,0,0,0,0,0,0,0,0,0",18608
PdniSvQkepD2F9YokMm5hP,133.84,1477991904,1478004131,"EcaY4CyyJMDqCYMJmS4Jks,SFQKpxMiwmZiV9pXYhAwX7,QasNUN4zkSMjgHntmEQrfs,7cXDHoNaedvxeunSks8JZx,4bpgMaYtw6bdeciGbmih3Q,graoNcDGE9DWv6824JYuAS,ScLfyNcjoR5yRdyoeJokHV,924DpCXg5APX3a4iiYfBQV,2yTXKXaPbADe7DwuVcW3TL","0,1,0,0,0,0,0,0,0_0,0,1,1,1,0,0,1,0_0,0,0,0,0,0,0,0,0_0,0,0,0,0,1,0,0,0_0,0,0,0,0,0,1,0,0_0,0,0,0,0,0,0,0,1_0,0,0,0,0,0,0,0,0_0,0,0,0,0,0,0,0,0_0,0,0,0,0,0,0,0,0",12227
cG9Cb7TLXuAQQyLKCsehxQ,98.61,1477984409,1477995902,"adPGApTHeZFtFjD4K7zTPd,cNJsNMpHqb2npi5tkHizvS,5KMMw4ASZHBCukeLUac6tV,jY8TqqJWzFTH2WnALGMKKS,jfBoJu6mrPQyyWqQqFkuD4,HBo5NSPZ5ad3VyPrFq8QRD","0,1,0,0,1,0_0,0,1,1,0,0_0,0,0,0,0,0_0,0,0,0,0,1_0,0,0,0,0,0_0,0,0,0,0,0",11493
