id,lng,lat,skills,velocity,travel_cost_per_km,appear_time
FZ9njLvfPrx5e5nmtbiq6o,104.115829,30.678612,"2,4,9,11",30,1,1477979920
hQyKHRV7Vk4GQuqXDUisz8,104.06602,30.64017,"0,2,3,7,10,11",30,1,1477965526
Ehn9EyPkDrfwZuiymK2DzP,104.17743,30.69384,"1,2,3,5,7",30,1,1477976871
kuokFAn9y6W2dT348C9fzG,103.97861,30.631,"0,1,3,9",30,1,1477985850
4iYR6awUt7qsN8kExTH2bs,104.05822,30.71459,"0,1,2,3,7",30,1,1477992697
2AwwzjJV9yJq8HEz5b6YfM,104.04842,30.64415,"0,2,5,7,9",30,1,1478007554
iMMKqnS4naton5eU3oegWK,103.92071,30.57267,"0,2,3,4,7,11",30,1,1478000627
Hi8C4RzLGodFCrUc9aYoif,104.076538,30.662804,"0,1,4,6",30,1,1477943583
cuk9MZFo7a4EeHbqrtBUfd,104.065628,30.669195,"1,2,5,6",30,1,1477998075
9dhgdrQi58zHHbV8vUk2Zq,104.10487,30.67988,"0,1,2,6,7,10",30,1,1477992751
L3VSPCRyuh7sPSi3oUqR5J,104.049217,30.718142,"3,8,9,11",30,1,1477963347
LVqPyckJEBLqdrTSpCRcDv,104.09259,30.65798,"0,3,6,11",30,1,1477995657
RqJCEHxzjQ7FM6ruEgSdDp,104.10693,30.7147,"2,5,7,8,9",30,1,1478001137
74JnnpuqpCsGAWxKM747Uu,104.03761,30.68785,"0,3,5,6,11",30,1,1477994062
6rZUwDLF2Ri65kB5vm66Ro,104.04078,30.66652,"0,1,2,4,6,11",30,1,1477974532
QhxHqrCekejsbDPZNqTJcn,104.05808,30.673,"1,6,8,11",30,1,1477937125
5vX457J9WWUf9rPHNseM7f,104.06982,30.62269,"2,3,5,11",30,1,1477985511
fq5yPbpYvo2YqS8ZvmGq6N,104.04163,30.66572,"0,2,6,7,9,11",30,1,1477983565
6ZWc8mBVhfKSTy4BZoM8YL,104.080017,30.693989,"0,2,4,7,11",30,1,1477963603
AqrHZ7BUKYm8gf2gk8z4w2,103.966187,30.628389,"0,3,5,11",30,1,1477955647
dYKrvCYMsKrzQshZCSekyp,104.066101,30.63961,"3,8,9,11",30,1,1477989438
7MSaGJNPBvG6Xy7uGV9Lr4,104.138617,30.62885,"2,4,5,6,7",30,1,1477992303
3ewKLusBwRdpyU9v9i6gPk,104.04793,30.68349,"2,3,4,5,8",30,1,1478000511
kiJmnPQhhxHjRBRzxTA3MN,104.041565,30.669306,"2,3,7,11",30,1,1478001400
BeMYLLc4aEihRLiZiWtsee,104.085403,30.69479,"0,2,5,7",30,1,1477989218
Mo2KQqfuLPYJFUjmMhwCht,104.04097,30.656443,"0,1,2,4,7,11",30,1,1477978609
nXTVodL9pQamHwZrVrkQtL,104.1157,30.70009,"2,5,6,7,9,11",30,1,1477960722
XQssfcxQzhGoY3dnx9sWPs,104.0968,30.58766,"2,4,10,11",30,1,1477968497
URito2JijPycoo4aAKW6dM,104.04937,30.61613,"1,2,3,5,6,9",30,1,1477998554
3q4ACiBG75RLcpmDCDG8Qi,104.14478,30.62893,"1,2,6,7,9,11",30,1,1478009941
BkcmsYrMD6aaAggtdZjULq,104.0637,30.660039,"2,3,6,7",30,1,1478000079
DjwzfyLHZn5UnM3DYzfMJJ,104.050185,30.661325,"0,2,4,11",30,1,1477998251
9RsJSpBHLD2TAEG2ernCpJ,104.06515,30.76788,"0,2,3,5,6,7",30,1,1477956429
9kMFh2RGufL9qmwyBKsxjZ,104.0499,30.66162,"1,2,3,5,8",30,1,1477959493
f2yfH9ae5EpdsrdyMLjvJv,104.05468,30.63763,"0,1,5,7,8,11",30,1,1477998278
7TDHwrVUS8tbFiAybebxhb,104.08637,30.66092,"2,3,6,7",30,1,1477968582
iRRCU38JxosyrxzctFFfLW,104.08079,30.66659,"1,3,4,6,7,11",30,1,1477970663
RB7cmDLRmndw9KctmCaGxA,104.0396,30.65568,"2,3,4,7,9",30,1,1477956043
77pRkHwC7Nduaf8LXcH2Cf,103.91934,30.69243,"0,2,6,7,9,11",30,1,1477959999
heyyd3NAkW62P99nCDEuUj,104.079466,30.654482,"0,2,3,4,5,11",30,1,1478009598
JGN2odCuUvpwDEcD2NJ3Ay,104.051932,30.65472,"0,4,7,11",30,1,1477947279
Ht2qWeoY2YuKknG7CRcLZS,104.153158,30.46323,"0,2,5,9",30,1,1477976843
CaCvyoD7YqELr5hwaEoJiN,104.043503,30.713631,"0,2,5,6,11",30,1,1477951157
F4CfeSN3b7ZWzmumy5VnkZ,104.06001,30.62952,"2,3,6,7,8,11",30,1,1477962107
M8Ugd4US8qZUkJEfkvMaTy,104.079041,30.653049,"3,5,8,9",30,1,1478007474
YeBU38oD7BsUweAHMDzk7e,104.04978,30.66047,"0,2,4,5,6,11",30,1,1477931019
NPVGMptmi8PGo8gPCkurjZ,104.084503,30.664431,"0,4,5,7,9,11",30,1,1478007629
mwN2tiNJ6kLByypGUZXn3i,104.10608,30.66989,"1,2,3,4,7,11",30,1,1478013072
kmYSQpUiRA8KxBkYdeSNYp,104.01712,30.67505,"2,3,9,11",30,1,1477975512
PMNnJPh8DX8RdMW5z5Kdkk,104.04309,30.70802,"0,2,4,5,7,11",30,1,1477957935
k3o8G8pdfn4kCosSs8zN92,104.01552,30.68562,"2,4,5,7,9,11",30,1,1477970268
UtyUwxUeyQkaBYKheMjkZN,104.07524,30.65853,"0,2,4,5,11",30,1,1477979583
UUPNUCDbWQwNqS5gHH5xzR,104.01354,30.61248,"0,4,6,7,8,11",30,1,1477982360
FVhmQrbYLeHsMXcz2ZunYg,104.100967,30.667198,"2,3,5,7,11",30,1,1478008651
kQXAfFKezt6eJtzoZsyyRw,104.166603,30.608339,"1,2,6,7",30,1,1477988103
AmDyC6SKHdaGm3T9tyc2wr,104.02821,30.67361,"0,1,2,5,10",30,1,1477997367
Y4KxstnkwozaUCBS83xLRh,104.07406,30.65446,"0,1,2,4,5,11",30,1,1477994493
PbJQhnPMHzaG8o6d3gsQRT,104.07863,30.64771,"2,3,7,11",30,1,1478014116
igCMyEbfGQKAScTyZ3iKbi,104.07672,30.69034,"0,1,2,4,7,11",30,1,1477989603
aXzQBjoNfpJrFFaJHoYBL9,103.956069,30.568026,"0,2,4,11",30,1,1477987729
gVyyHs7MuNdmqxHcmwXc6e,104.100249,30.667371,"0,2,3,5,7,11",30,1,1477972067
3X4DSN63ooNpTHZPcqRRjc,104.03479,30.68147,"0,2,5,8,11",30,1,1477986381
Hqzk7wL6Ch7xLMHRhHrv6e,104.08284,30.65912,"1,2,4,5",30,1,1477930831
UctxJLVF3bksQWMC4yHDwz,104.07439,30.63363,"2,5,6,7,11",30,1,1477971520
KyogjhUc5WRx6gPotUn2yf,104.031209,30.635387,"0,5,6,8,9",30,1,1477978651
nYmHNvDDYkyvXCCyTPkg6D,104.107196,30.724335,"0,3,4,5,6",30,1,1477965394
8RvWzYk8DfV4cdxdfXw528,104.08046,30.69021,"0,2,3,7,9,11",30,1,1477989057
9hLUwUQzfiyzeB66QP3otJ,104.14944,30.615241,"1,2,5,6,7,11",30,1,1477954699
SabY7vkxSSFoS9pszpLzoN,104.10743,30.70105,"1,4,5,7,10",30,1,1477957085
Z3vVDJBvVrr46VpUtfrzP8,104.06692,30.65465,"0,2,3,11",30,1,1477997219
aESW3o2VguBuDd6kXWxbqj,104.09572,30.62098,"0,1,3,5,6,11",30,1,1477980093
fCHnL2AdkFKLbmCvKC3iYy,104.080215,30.654763,"4,5,6,7,8,11",30,1,1478003456
MXzAEz9iJw8CXwXahYcyz8,104.06603,30.68432,"2,3,8,11",30,1,1477970327
4wUWh6pXtANr3d9QUVvGyd,104.07578,30.65357,"1,4,7,8,11",30,1,1478006328
e86dgSEi4zCszkfWgNXsLS,104.091141,30.65823,"0,2,3,7",30,1,1477973235
2ZUGiYLtTwAWg3vkUejhTi,104.14509,30.75381,"0,1,5,6",30,1,1477969586
2v9KxGBKhZZ5DddwmdYAgP,104.073623,30.663465,"1,2,3,6",30,1,1477969715
cXgssQCD9EJmttVgonX6Xe,104.032867,30.586933,"0,2,3,5,7,9",30,1,1477999114
nvmRGMnrVd7pcMz8rN86zF,104.043114,30.699556,"0,2,7,11",30,1,1477992234
2SsWDCSfi6ZHJxbmLewejC,104.032704,30.63644,"0,2,3,5,7,9",30,1,1477988432
ApHw88nWVWk2mgKBdMSXaU,104.05241,30.67231,"0,3,5,7,9",30,1,1478013107
VcojeTJHooaMdL7VHKyD36,104.013077,30.704721,"0,1,3,6,7",30,1,1477974840
AbkatRUuBcbQ5D6Z2Xudgk,104.02551,30.74595,"0,5,7,11",30,1,1477972385
ALZV3RqcJbLqQGD9vFCqzD,104.051701,30.70212,"2,4,7,10,11",30,1,1477978571
NrGMADgQVqex53LbkKxxjP,104.085149,30.59911,"1,4,5,9,11",30,1,1477963384
n8qAZKSeQvc9VSvtAsnMNh,103.96399,30.74445,"0,3,4,7,9,10",30,1,1477959127
f3bPPHxBWamayntvsKDzw9,104.07886,30.65243,"2,4,5,9",30,1,1477989588
gZMxYyDHhugpVvae5WvysV,104.043556,30.717649,"1,3,5,6,7,11",30,1,1477994976
acPYobvFSHKkuyiMKFD4iZ,104.070053,30.659771,"1,2,3,6,7,11",30,1,1477977896
KC4YiHTDJxj6X9w75VT5DM,104.116997,30.74543,"0,1,3,7,9",30,1,1477973760
Yn857ywYdevmMEau3kvjh3,104.044731,30.651802,"4,6,7,10,11",30,1,1477964191
JtUn9ZDBpjCWkLQhyHKtYr,104.040867,30.663749,"0,3,7,9,10,11",30,1,1477967725
ButgMRszRKP7i4Aw3DEkYg,104.04129,30.66562,"0,1,3,9",30,1,1477990065
24iSBfTTHZ3KKA3RdxSTG3,104.083475,30.682311,"2,6,8,9,11",30,1,1477981336
XCAU3iwmCZ3ycqMj2Ub2kc,104.093338,30.708838,"1,2,5,6,7,8",30,1,1477954339
nBbuRhQbBHy5xj3z3eTrHW,103.998535,30.674299,"0,1,2,3,8,11",30,1,1477991033
MbU43yN8CctmtT4HjsJfQw,104.031636,30.638597,"0,1,2,3,4,11",30,1,1477976304
kv6RueYbGYQQz28WYBPFK5,103.98772,30.73214,"2,6,7,9,11",30,1,1477966909
UMohSDPUuZe5t7S8WqXKh3,104.0779,30.65254,"1,2,3,5,7,11",30,1,1478000308
XjJ7v4Ya95gNNoqhYhZHEu,104.05543,30.59526,"2,5,6,7,9,11",30,1,1477966985
cNpoDL7GjKM3SqNWYSgskh,104.085892,30.648911,"0,2,3,5,8,9",30,1,1477957640
EfrfTaJZ6ru57oF626TQfx,104.07689,30.66049,"0,3,4,8,11",30,1,1477995085
9dKVndFyfbMvEGniwJKw8H,104.0697,30.65336,"0,1,5,9,11",30,1,1477942628
f9fzDpuG5RzKE4NmxqxogZ,104.15365,30.68243,"0,1,3,4,7,11",30,1,1477970440
iRpN7dFCF85cFesHcx3Sgy,104.044998,30.71595,"0,4,6,10,11",30,1,1478009453
VxcfYmNXiBhCoDxGLePHj3,104.15365,30.68243,"1,3,6,9",30,1,1477993608
YqVs995L4bdez8y343mBVV,104.167183,30.693951,"0,3,5,7,9,11",30,1,1477962405
axM9L5EQiKib56yYzFdwv3,104.08004,30.69068,"0,6,7,9,10,11",30,1,1477991517
9vLe85pUicguHrYUEzft6j,104.05216,30.69438,"0,3,6,7,8,11",30,1,1477962090
m6biScN5vAXNPniUNiaGhY,104.06918,30.69371,"0,4,6,7",30,1,1477964125
gHuzvExw6ZqXLBhCRfVms8,103.991447,30.607576,"0,2,8,9,11",30,1,1477965266
577nQSZLcBToZCPJXyKKeL,104.08037,30.65462,"5,6,7,11",30,1,1477978971
ZzZwaJbbBZ5SKjxF8snsjC,104.059842,30.793562,"0,3,4,5,7,9",30,1,1477974833
nv7DeWGYqybSVSZhgyJLNy,104.063255,30.665792,"2,5,10,11",30,1,1477986209
fDxA9U8JbUALVcEZrQPNhn,104.07285,30.69471,"0,2,3,11",30,1,1477953096
6EnY9QfLPpfRzJYKFSrvem,104.07387,30.69469,"2,7,9,11",30,1,1477996710
aCKEPTj9xLUjd88ekLPraF,104.086205,30.648558,"0,1,2,3,10,11",30,1,1478005683
S36Y7CRSUrsyM9KnS4YQDZ,104.04088,30.70844,"0,2,4,5,9",30,1,1477971722
6HcFrsLrB6x3q2yX9b3q5C,104.05682,30.67997,"0,1,5,7,8",30,1,1477989569
DndT62XetMU7n5TTCWLg5X,104.09946,30.70077,"2,3,7,8,9,11",30,1,1477953987
KLdLgfRjgdydmvjcganzuF,103.975197,30.671909,"2,4,5,7,11",30,1,1477971338
SsdmGGad2VrpwRc6HncNRB,104.05469,30.57668,"0,3,5,6,7",30,1,1477959002
9d7zmM72hdoLfiRMgMk9wa,104.04105,30.70074,"0,2,4,5,8,11",30,1,1477968747
NALsa3rvdAiL7hUiyRjoFq,104.05056,30.70803,"0,2,5,7,10,11",30,1,1477969609
RS7miZdaKXn6w5ZRDEDcSC,104.104004,30.704227,"0,2,5,7,9,11",30,1,1478000804
HaPhh3TB2c3RKx5tcfBWUK,104.062431,30.643616,"0,3,5,7,10",30,1,1477969183
2gWVGP4Vo7UE28vis3qxbK,104.11219,30.66585,"0,2,3,4,7",30,1,1477977619
oPtZMH2kq2xiz4ZPyFmrER,104.0848,30.66861,"0,7,9,11",30,1,1477949740
PyMEHsTcXXakAdhLCTaEY6,104.04619,30.70505,"0,2,3,7,8,11",30,1,1477972512
QuPoa7RLhoNRH6QMXKbUxJ,104.078133,30.658564,"3,4,5,11",30,1,1477989714
U5GbhSQUpeQo9KuQtmboAy,104.10976,30.68654,"3,6,7,8,9,11",30,1,1477960915
iB2w9R7gkuYrTzHk6nCRee,104.154198,30.623631,"3,4,5,9,11",30,1,1477952256
j5rwzLB7aGkhuHbVoxenuM,104.111198,30.668949,"1,2,5,9,10,11",30,1,1477995241
nJw6QTxt5HhuSEAEDrYuph,104.06463,30.61175,"0,2,6,9,11",30,1,1477947169
VoP82A5hJzCECtiXEn7Nfp,104.06286,30.77382,"0,2,3,4,6",30,1,1477999804
a2UdRL2PNG53UpASDVGRrw,104.0044,30.6397,"1,2,3,5,6,9",30,1,1478009817
Fr9cTYdoWPsGnpwkv3kpqP,104.058525,30.672237,"0,1,2,5",30,1,1477968376
JsBhoJAmqYGMNH5wjC8DED,104.10953,30.71262,"0,1,5,9,11",30,1,1477961332
VZotQmgKwrQUWQQidkE2Vm,104.029602,30.642389,"1,3,5,9,11",30,1,1477959069
7rSrxGXBvfsEGXXDBq2zg5,104.108566,30.681484,"1,2,3,6,11",30,1,1477998266
AgbumSJ9g7nbpzxRgusuky,104.076607,30.63023,"0,1,2,6,9,11",30,1,1477961635
Wz5GyzBupsssnugncCReoC,104.038858,30.689212,"2,6,10,11",30,1,1477990391
m4dgm6zKxUK6SLsEqyx5oj,104.046858,30.6865,"0,1,5,8,11",30,1,1477967912
5sVbjez3AE82vZcjohhJy6,104.093981,30.659264,"0,3,6,7",30,1,1477981309
3oZru3u5LNwCKc7mmYNNxt,104.08479,30.66017,"2,6,7,11",30,1,1477973480
5w2ijkcG447GjVyjBjQuUA,104.03226,30.66839,"0,3,7,11",30,1,1477981383
biU4Rc6xhr832yvwbjpRaS,104.07373,30.689376,"3,4,5,7,11",30,1,1477935897
kRtB6iBSvqghmaLhKtti3L,104.06647,30.69528,"0,1,2,3,5,9",30,1,1477968697
MGs2T5zyT4fsPW65CnXDBQ,104.0353,30.70515,"4,5,8,9",30,1,1477955919
XZMh4YhC84TbMejniWnvWR,104.13757,30.6845,"0,2,5,6,7,11",30,1,1477959345
26ouhDH28NjJVBnGjf9aEd,104.04249,30.69276,"0,2,3,6,7,11",30,1,1477995438
Pdb7AfXVQ6zPbLhXEsXsKi,104.05269,30.6771,"1,3,5,7,8,11",30,1,1477969065
Vafdq6caaixNdf6v826rVq,104.167606,30.695847,"1,2,3,4,6,11",30,1,1477957247
AmywKncHnsGBo3cZkHG2cz,104.05854,30.64403,"2,3,9,11",30,1,1477971117
EiNJAuxMtVfUaeutWjkV5v,104.09096,30.67726,"2,4,7,11",30,1,1477964176
UsoqfzBAssQSSrWx8ue9CH,104.09778,30.66556,"3,6,7,11",30,1,1477972171
SSRLsmgoPG5DGpLEkonF2e,104.008148,30.567871,"2,3,8,9,10,11",30,1,1478005515
KUyRLfcUvt6y3FjAEtBdUV,103.96842,30.6262,"1,4,6,9",30,1,1477988510
8MpBpkqBdsmgKoBkW3Pexn,104.069689,30.680895,"0,3,5,7,9",30,1,1478000379
bnirwAcHDnJEvSVbEHmybc,104.155739,30.691702,"6,7,9,11",30,1,1477976962
Ac7SAfP2GFvVByKgRWioAa,104.09535,30.66185,"0,2,5,7,11",30,1,1477947941
eomHzJe4jZpgoXS7WcN8JD,104.08378,30.68842,"0,1,2,3,8,11",30,1,1478005659
FN73o35W6keiBxSS6rxqYp,104.088158,30.689613,"2,3,5,7,9,11",30,1,1477957457
DpQHBKidUQ9XtpYYyq2YYE,104.088651,30.685093,"0,2,3,4,7,11",30,1,1478008493
XJgWB9doYashnHfKCKHqvR,104.11802,30.64472,"0,4,5,6,7,9",30,1,1477997352
kj4qMYW26YC3oHsiWQRtW4,104.1045,30.71142,"1,2,3,6,11",30,1,1477974777
msaFkQZnhkMAxXDcHmowzJ,104.10974,30.68249,"0,2,3,6,7,11",30,1,1477955856
SULYafosNEmPCFiKCP8Nza,104.05868,30.72209,"2,3,4,9,10",30,1,1477968842
SmZfYezCt59W5cr36kcmYE,104.085886,30.656621,"3,5,7,8,11",30,1,1477984531
mjHARSndZPfCpfFZLcyM6p,104.115936,30.681279,"0,2,5,9,11",30,1,1477993861
VBa6Yp3Hj86k729r6wcubm,104.05626,30.66945,"1,2,3,7,9,11",30,1,1477981421
HF2NjNfWRJ7heGY5t2s7ph,104.09794,30.6275,"0,2,5,7,11",30,1,1477980529
3KzkiJVcg6QgakRUqSsrTM,104.0672,30.65842,"0,2,3,6,11",30,1,1477974199
AbEBpqiQh9cBYaGQGEVWep,104.10687,30.66154,"0,1,2,7,11",30,1,1477991306
U5fjvyQRrdAqVzeSMupLWU,104.093918,30.660231,"0,5,7,11",30,1,1477955676
FVdbgYcnM9csg7mebcZMKm,104.08752,30.6632,"2,3,5,11",30,1,1477972718
VyUvQsnwzqtNNc8Ahw5qo9,104.11525,30.722761,"0,2,5,7,11",30,1,1477999656
eiB9u8M3ictPZhMHkpBwYu,104.03571,30.678636,"2,4,5,11",30,1,1477989274
fpNGLyNs2EJ2zNhN6uGSda,104.04034,30.67345,"0,1,4,8,11",30,1,1477999230
kovdGxhbjNAYGryTLQTG6a,104.079529,30.65729,"0,2,5,6,7,11",30,1,1477983497
2oop3Ww3ycVZWrVN9nvfYf,104.11077,30.65302,"2,4,7,11",30,1,1477984466
WtGjEdt6328iSgizC9hRNM,104.05652,30.67347,"0,3,6,7,9,11",30,1,1478012827
JL43nGFWLHe6JeN65ge4Gh,104.059738,30.662586,"0,1,2,6,7,11",30,1,1477973281
W6PEfnGfTks5HXMX9VdZEE,103.956332,30.56864,"1,2,3,8,10",30,1,1477982763
HQXki2ECPfotuM9Xuo9Rzf,104.19696,30.69266,"0,7,8,11",30,1,1477976500
fsKiyQ8KoJYsJvMC98hnKh,104.11701,30.651,"0,5,7,9",30,1,1477979099
UtQgsywp89U5AEFpichR29,104.007332,30.66424,"2,4,5,7,8,9",30,1,1477999981
BrsBfBSffZWK5SA2Adfp5X,104.078259,30.65839,"5,7,8,11",30,1,1478007424
YaHX9JJj8RJGLUzXaMRuFz,104.06558,30.6651,"0,3,4,5,9",30,1,1477974662
e3ckoTL5zoiGATRWQBGXBh,104.028984,30.714166,"2,7,8,11",30,1,1477992699
NHhD8Ji4mNTcRPgr3v2PY4,104.0408,30.66695,"0,3,4,5,7",30,1,1478009573
KbMaMyCGB5iBghtHVTeRjG,104.10069,30.70926,"1,3,5,11",30,1,1477960468
UtPjSc72KzBaXfCZCZjEox,104.05106,30.68981,"0,2,3,7,8",30,1,1477975191
UyBFHcEDWM5EL9KaJrqRR4,104.05165,30.66506,"0,3,4,5,9",30,1,1477983132
JoqpggWVEiJ4Z7ds8wLzJf,104.05082,30.68429,"0,2,3,4,7",30,1,1478003425
CTcyyrn6iumSqk9xcB948U,104.07558,30.64044,"1,2,3,5,7,10",30,1,1477991344
XNtKG96rxwrSFyS538dWUX,104.0827,30.64632,"0,1,5,6,9,11",30,1,1478010139
kkw46iPTbMiBviHDvhTHDW,104.07603,30.65354,"0,7,9,11",30,1,1478000252
duBzMKKg5CbYueHFgC4kia,104.057389,30.679786,"0,1,3,7,9,11",30,1,1477974119
ia9jXuyGXkgw9coc8uc6G4,104.02394,30.67351,"2,3,7,9,11",30,1,1478009133
ighouE8GUsGMezpWk8xW69,104.143768,30.626451,"0,2,6,11",30,1,1477980716
iTfsycFr4yTtXy76gbsFcv,104.08046,30.69021,"0,2,3,4,5,6",30,1,1477992228
JCQWbTpgtoTbzTP5YMaYCS,104.082556,30.626081,"0,1,2,3,7,11",30,1,1478011087
5b8ERhDqmk33wnU5H7yquA,104.09987,30.64689,"0,5,6,7,8,11",30,1,1477958908
HEK9qfe3XRE9tWL5ZjFPFt,104.067757,30.618589,"0,2,6,11",30,1,1477987236
CD4qRmbotrarzF9BMZ4Ln6,104.05469,30.67942,"2,3,6,7,8,11",30,1,1477990599
XPCY8scRcwimXti8LdSTk6,104.09411,30.64731,"0,2,3,5,7,9",30,1,1477995875
5fXszZ2MZQKXL7wdmPnwuw,104.066741,30.70967,"2,3,4,5,6",30,1,1478005700
YgTN6kf5KzVi7A6Toxxvow,104.11791,30.60996,"0,2,4,5,6,7",30,1,1478000878
LUAE8nbRsvrAp3jKyHCRxV,104.057426,30.63307,"0,3,5,7,8,11",30,1,1477994350
dwi3eWcTKHJ4SU6FTCqozc,104.08648,30.63706,"2,6,7,10,11",30,1,1477958313
ZV8y4phBMSYDFPkTeUTDgq,103.93376,30.55363,"2,5,6,11",30,1,1477993127
TKuWwRPuCVnvP8ggAJDZDg,103.96364,30.56225,"1,5,7,9",30,1,1477989233
BZJmQv6XvXVvqfjS6D2KNB,104.073174,30.664871,"0,4,5,9,10,11",30,1,1477965980
gTPZqK8KaNm3qAexwq9nbx,104.036102,30.711901,"0,3,4,7",30,1,1478006802
YgFncMmuym4QfikMqgBbVE,104.04929,30.67744,"0,2,5,6,7,11",30,1,1477981182
cU3pxqELhpNLrhLUgzbFBs,104.045005,30.70173,"0,5,7,10,11",30,1,1477980189
csctnNUUyxa2MGbX5kor7T,103.956332,30.56864,"0,1,2,4",30,1,1478002943
bxEY7tYZCpVDuqRUWRg6Qz,104.07935,30.63927,"0,1,4,5,8,11",30,1,1477986483
4dF8MTWx4aAVBWMEZDGLmf,104.105971,30.686823,"1,5,7,11",30,1,1477997992
T3iGtTUXt7Aido8ptnFGSx,104.076707,30.635428,"2,3,4,6,11",30,1,1477981200
9AgNwx9j2nJ7ktu4zJVi8K,104.0835,30.64971,"0,2,3,4,6,11",30,1,1477967504
gSiKiTkUGjxJ4RjbW2hUPe,104.042786,30.707108,"1,2,5,6,7,9",30,1,1477965479
Trvc5xStUxQUTPaHu5UYcH,104.08191,30.65065,"0,4,7,8,11",30,1,1477986999
BHq4dQtp7MCJXffbHbVttP,104.0947,30.67489,"0,1,2,5,11",30,1,1477998465
PMLdz4fBWuUbAzi5fgUs5U,104.07121,30.65769,"0,1,2,6,7",30,1,1477988650
hDNjKQCTutUMeZZ46N5eq3,104.09365,30.66067,"1,2,3,5,7,9",30,1,1478000131
49ciVJWobzUEHBJXpQgkLN,104.0542,30.7581,"2,5,8,11",30,1,1477966339
ecEjkPB4itb6PPJbuMUmR8,104.063979,30.66955,"3,5,6,9,11",30,1,1477961620
FWxiaFArnMU36ogcbMvKzo,103.98893,30.59029,"0,2,5,9",30,1,1477993900
WLR5CWiyTo4NPmwGapUZnU,104.05648,30.67932,"1,3,5,6,8",30,1,1477982944
L9YBtprL8Qicg6NUAkeijk,103.973673,30.619084,"2,5,6,7,9,11",30,1,1477976455
mGh8rN5B2ihSpMH66mP6eQ,104.07595,30.66895,"0,2,4,5,11",30,1,1477989631
kHWBggu5MG9AnRJapLFmmq,104.084305,30.682154,"0,1,2,4,9,11",30,1,1477984124
LKeAQjZiBMWi263TbYXDDH,104.10366,30.65587,"1,2,4,5,9,11",30,1,1478003713
RofHYfTWBVLvQe5Ahbt3h2,104.11994,30.65245,"2,3,4,6,7",30,1,1478001271
hxL2gQh7A5x9qpzVXdxoP7,104.07958,30.65213,"0,2,3,5,7,9",30,1,1478011069
66EGvY7xCcASwK6XGRBxn6,104.05181,30.73621,"3,5,7,11",30,1,1477970626
9xAhgFHzcnhvHvPDtSDi2n,104.046402,30.69092,"1,2,6,7,9,11",30,1,1478013737
ToRJpJejwhTWhytTPJA7hU,103.997902,30.596729,"0,3,5,7,9,11",30,1,1477958195
ZgKykaGmXWRJ8iyN3F27Mv,104.10578,30.68652,"0,2,6,7,9",30,1,1477966571
4z5juTHN8L7K3cPMPiaqhB,104.03699,30.68248,"3,6,9,11",30,1,1477990917
a8ugUUHjZ6rR8oZW5zvoyB,104.07105,30.67661,"0,1,2,5,6,11",30,1,1477972356
kGxEehWSWxcLUABLDkrBC8,104.05781,30.69854,"0,1,2,7,8,11",30,1,1477959205
RgztEHvrqjGkDjdpyPcWCA,104.120255,30.651049,"3,4,6,8,11",30,1,1477965699
U5UyKbGE8cxFCt7UrP6DLN,104.013783,30.697302,"0,1,2,7,9,11",30,1,1477994376
JLDAX9T8bwixUk7kbhwxcJ,104.06367,30.68521,"0,2,5,11",30,1,1477996997
KGtFaKxZBcbiTP6v2vnjM3,104.085785,30.660643,"0,2,3,6,7,11",30,1,1478015874
7GVGewxKLEx7VdvJM46ySf,104.08779,30.75828,"3,7,9,11",30,1,1477997811
LwEK3UCgjJkfDVcuEvio4F,104.04484,30.67046,"3,5,9,11",30,1,1477954168
GJXJWeSd3xbirkASQxcJNz,104.07675,30.68937,"0,4,5,6,8,11",30,1,1477983404
3J52Xmf9ajmcxJ8hBBeCwh,104.00094,30.70642,"0,1,2,6,8,9",30,1,1477994688
PrtjWkHFLcsC4KW54pwKEe,104.08299,30.61722,"0,2,4,5,8,11",30,1,1477989349
WKaGVRbbGRUtVKjR9VLTQM,104.05462,30.58681,"0,1,2,8,9,11",30,1,1477991143
dTJRSwumSgHirhDU7YA2jf,104.0461,30.52603,"2,6,7,11",30,1,1477977064
iXrtcHooWLd2nyj6n7nP3r,104.0725,30.67941,"0,2,5,9",30,1,1478008613
epbn7FCn4z6gYQ3swQNdHW,104.087806,30.690329,"3,7,8,11",30,1,1477992267
CWzRAKCDHcHvRjQfMYUCQy,104.15569,30.62511,"0,1,2,4,8,9",30,1,1477988720
SsGjQjXzBGGtNrAj3z4fem,104.075701,30.694446,"1,2,4,10,11",30,1,1477972943
jtghx6zS3pLJJMFyXtEUYA,104.076698,30.654461,"2,3,5,7,8",30,1,1477999403
RF99eaPpP6f7tLsR3SYb7B,104.03609,30.71169,"1,3,6,7,9,11",30,1,1477985955
Pkj7bgpMmpCr8cXBYAvVEr,104.05357,30.65759,"2,4,6,9",30,1,1477983397
4a52QnncVDivH6K7FxvE9E,104.06176,30.844,"2,5,6,7,9,11",30,1,1477998462
PJUiUZQYCbqnMwmc5Z5nuh,104.098174,30.649003,"2,3,4,5",30,1,1477959884
fsENieBeMhAsdAgibVWgTW,104.03808,30.74388,"3,4,5,7",30,1,1477989334
GUESB7E4pjgj7rmYPri2Vc,104.01708,30.67197,"0,3,5,7,10",30,1,1477969862
HLR5ibJffVvQSHjBEYSfGs,104.0539,30.68862,"1,2,3,5,9,11",30,1,1477989467
NyYMdynyJc2LQhPjACYp87,104.05076,30.63073,"1,2,5,11",30,1,1477963099
L9xDf2Cotb9RJSz8X8ZpHp,104.11705,30.64794,"5,6,7,9",30,1,1477987588
h9WfHf5CQ75ZrXnbMC2zTx,104.058296,30.67415,"2,3,4,5,7,11",30,1,1477964734
Cytk2ibZHp5FAzoUE2PCJ7,104.14852,30.67282,"0,2,8,9,11",30,1,1477970895
CfxA8w8cVYVd4CttPuNS4U,104.10402,30.63649,"2,4,9,11",30,1,1477969248
CqCS6j2QUbwfrtrwBfPMhv,104.035469,30.692451,"1,2,5,7",30,1,1478000762
oLum5go6HLaLMtCzjwREcf,104.121941,30.650736,"0,2,3,7,9,11",30,1,1478014674
3Px4PEhxpjjMhJaPB8X8TF,104.10322,30.67009,"2,7,8,11",30,1,1478001614
NQzY9GFRh5dFNX9Shc8kSP,104.083786,30.682276,"1,2,4,5,7",30,1,1477985738
CqMp7pSCSodVZXti6Y6AiX,104.04833,30.69661,"0,2,3,4,5",30,1,1477983149
cTg4ZwRygYeXP92ZUWS9Ld,104.12843,30.68234,"0,2,3,6,7,9",30,1,1478007759
SGREGyUnPESUiACS3be46T,103.99222,30.71776,"4,5,7,8,11",30,1,1478005798
CMMxnyNUK7toQh287Xqi7B,104.07938,30.65806,"2,3,4,11",30,1,1477933014
URRrHgMheUUQAbtw5BDqsa,104.06943,30.67445,"2,3,5,7,11",30,1,1477997018
GdXWoPodBe9rguabkkRqTp,104.10532,30.68006,"0,3,7,11",30,1,1477992478
btjPZRtSL6uPC7fxxvSyXo,104.10337,30.66909,"0,2,3,5,7,9",30,1,1477931594
mgN8esiBtUsVzzkWJgqDoZ,104.030052,30.681929,"1,2,3,6,11",30,1,1477968214
Sq4wJbCnffUhAWV27ZEUVy,104.04828,30.6782,"0,2,3,5,7",30,1,1477998908
QbVqKyPbHTfFNUJMQCCzC3,104.123787,30.672249,"0,2,4,7,10,11",30,1,1477999390
6tSMCivrMcwT6Y3PTopdzX,104.107094,30.699242,"0,2,5,8",30,1,1477966799
PHoCoBQRDxoxBGkh2taPDo,104.05795,30.62395,"0,3,5,7,9",30,1,1477959894
39maJPRGMMt56o6N3A9S7d,104.05997,30.64912,"0,1,4,7,8",30,1,1477986778
RuVwz6HLERLZotcLt77zFp,104.03765,30.70082,"2,3,6,7,11",30,1,1478001866
U4WgMviEwbGsHtPtQa6DNn,104.081398,30.721283,"0,7,8,9,11",30,1,1478000230
htWNZXpfzvPTysVNe4xpZx,104.077377,30.629263,"2,5,7,11",30,1,1477930815
3qigfvzQuCmK2sUf6gfLZW,104.04574,30.71473,"0,2,7,11",30,1,1478003491
U4xZtGo7g3D4K4Y54C2dWV,104.090385,30.693665,"0,2,3,4,7,9",30,1,1477974781
5nFWzwTsLupFQnKss5Mysc,104.067223,30.694023,"0,3,5,6,7",30,1,1477988262
MAQQowYzG77HiW55odbPuk,104.021138,30.66654,"0,1,3,4,6,10",30,1,1477970340
A2eqEbyz4iHNiwNQSCgBTQ,104.045907,30.701999,"0,2,3,7,9",30,1,1477976346
RguV5unkhweJPWccHjRGwZ,104.090769,30.71296,"0,2,3,7,9",30,1,1477996896
PhVb38egfFjEzXgGz7xe6H,104.00179,30.62878,"2,5,7,9,11",30,1,1477978255
jh6cvGsAdm2enAbV4FpLGo,104.0821,30.65815,"0,1,3,6,8,10",30,1,1477982283
